timestamp,sensor_id,pressure_bar,flow_rate_lps,temperature_c,leak_status,burst_status,status,source
2024-01-01 05:50:00,S009,3.770714716143385,103.2357785694081,24.352013276896844,0,0,normal,real
2024-01-02 00:40:00,S007,3.28825693295296,122.24522698022936,12.653307177157815,0,0,normal,real
2024-01-03 12:25:00,S001,2.6595059460223407,67.12099539644481,24.115723900575656,0,0,normal,real
,S006,1.5881998350390631,140.4487376511004,16.162638058975936,1,0,leak,augmented
,S006,0.7087413900235984,317.88107326201487,20.92788478917687,0,1,burst,augmented
,S002,1.3549751612437122,81.02459290410573,16.162427425136173,0,1,burst,augmented
2024-01-01 22:00:00,S008,3.2897487912306715,66.84565166168288,10.038760222674735,0,0,normal,real
2024-01-02 17:05:00,S009,3.38564663473404,59.1996433464924,15.432643821980925,0,0,normal,real
,S002,2.0646132885730326,110.41836511003697,23.92360866278049,1,0,leak,augmented
,S010,1.3176492415834273,175.44941165882673,14.710540100825614,0,1,burst,augmented
,S002,2.2164063598616877,175.7471004779806,8.777672100696362,1,0,leak,augmented
,S007,1.861561950700074,6.423919479884262,25.184719859801124,1,0,leak,augmented
,S003,3.2043821953887197,62.00091648684065,16.352163680449856,1,0,leak,augmented
,S003,1.3013116999756864,113.53435734125142,16.591038416187697,0,1,burst,augmented
2024-01-01 18:35:00,S004,3.329502178887937,139.62137939478953,21.75748830128293,0,0,normal,real
,S002,2.1092091448126,185.37983873620897,22.191582948617537,1,0,leak,augmented
,S002,1.7858329107246076,227.9498184628613,20.844018804679205,0,1,burst,augmented
,S002,1.8735073125816788,154.10567529039113,15.500497394973479,1,0,leak,augmented
2024-01-01 06:20:00,S001,3.820539952957625,85.50277905231181,23.6154055952282,0,0,normal,real
,S010,1.212368481454186,128.30064461706934,20.284917710081707,0,1,burst,augmented
2024-01-01 00:40:00,S010,3.351550491729987,54.69699386833379,22.634271618924977,0,0,normal,real
2024-01-03 09:35:00,S005,3.648045045787061,87.95395113803798,22.98343574758305,0,0,normal,real
,S002,1.2614219506170326,216.05065777118085,18.695172053836327,0,1,burst,augmented
,S008,1.2757798914402623,183.9843398981827,19.343102640575868,0,1,burst,augmented
,S006,1.2803405128849006,180.16528436516893,10.776517577571651,0,1,burst,augmented
,S002,2.8640987821688464,183.58092834611307,20.74577664784459,1,0,leak,augmented
,S007,1.454013438682208,172.20066280505856,16.643169856945377,0,1,burst,augmented
,S005,1.5675603936984688,172.0078699047029,19.12517250194221,1,0,leak,augmented
,S003,0.9755037024558921,208.50641748361824,9.755584578868005,0,1,burst,augmented
,S005,2.1076503382602234,284.8424799578723,10.408072382127191,1,0,leak,augmented
,S003,1.3330544651751801,128.58095138126743,23.195932577086197,0,1,burst,augmented
,S003,1.1541231699115646,249.54965861100857,20.507596036503095,0,1,burst,augmented
,S002,1.220472399678108,189.93972701957532,17.270326666438528,0,1,burst,augmented
,S008,1.5505996150488173,141.07527871764822,15.237740731740653,0,1,burst,augmented
,S005,1.5865904019974577,127.26742615658051,18.7942958819772,1,0,leak,augmented
2024-01-02 12:50:00,S009,3.6229678511893,97.6380192891675,10.00202039506728,0,0,normal,real
2024-01-03 07:55:00,S009,3.492578023965935,140.36741629498815,12.445286707223293,0,0,normal,real
,S004,1.2223012767958692,267.29049863131536,20.00938732452454,0,1,burst,augmented
2024-01-01 15:50:00,S009,3.389409902262555,137.01293117567167,11.372302560966324,0,0,normal,real
2024-01-04 03:40:00,S009,3.171327782659093,159.50025816212923,15.366321449405714,0,0,normal,real
,S004,1.0055612620604077,281.56575723591527,18.116291248119396,0,1,burst,augmented
2024-01-04 02:35:00,S004,3.908315462713409,94.2418736063513,17.131954092536805,0,0,normal,real
,S010,1.9650718228243826,126.29971603163457,19.174587451858326,1,0,leak,augmented
,S006,1.2945031263044888,226.92936600782213,10.933865811855071,0,1,burst,augmented
,S007,1.7852602246429523,95.67279767396006,16.60172111909952,1,0,leak,augmented
2024-01-03 01:25:00,S006,3.553960308787344,59.97914123162829,13.461919808897976,0,0,normal,real
2024-01-03 10:55:00,S001,2.5204510358587324,98.40898590899576,18.31535021824553,0,0,normal,real
2024-01-01 19:45:00,S010,2.610245120995019,75.46368576313111,17.796609228340266,0,0,normal,real
,S006,1.648916864662697,211.19300276041633,14.132656178684623,0,1,burst,augmented
,S007,1.2587171728562074,237.2765873505461,17.556374987497016,0,1,burst,augmented
2024-01-02 11:15:00,S010,2.972543557327522,88.06667649980365,16.940134075980904,1,0,leak,real
2024-01-02 12:05:00,S004,3.1106597336884416,59.90147662103624,15.23230800954219,0,0,normal,real
,S006,0.9577650849207002,195.59798985827373,17.626852287141716,0,1,burst,augmented
,S002,2.112267427742314,75.46605922009074,12.436937664780613,1,0,leak,augmented
2024-01-03 06:20:00,S001,2.913636106661922,80.63701383682512,10.251344567385736,0,0,normal,real
,S004,1.5677719098500444,193.36274292985848,22.4355675289886,0,1,burst,augmented
,S006,2.736348923970577,178.03824108335553,23.97767051345078,1,0,leak,augmented
,S010,1.1711872913018149,119.84345668097059,19.414900066487586,0,1,burst,augmented
,S010,1.1160460883965666,268.18530315670523,21.05856891505217,0,1,burst,augmented
2024-01-03 08:50:00,S006,2.5520090563391,108.78658444158636,20.457455382069707,0,0,normal,real
,S008,2.260073967953971,167.25626615970907,21.459884207577982,1,0,leak,augmented
,S007,2.1912917666463594,171.13791852246706,23.626333810458327,1,0,leak,augmented
2024-01-02 23:45:00,S005,3.541961438340592,82.80734194968909,18.929548988912337,0,0,normal,real
2024-01-01 11:10:00,S003,3.348262520984461,157.42686120994284,18.9854404716599,0,0,normal,real
,S006,1.4440540274935922,266.8596093246955,14.330624346890547,0,1,burst,augmented
,S005,1.253882925717191,151.42119321014556,17.933523514062827,0,1,burst,augmented
,S005,1.2774088466174685,98.03741473281036,11.342579544868507,0,1,burst,augmented
,S009,1.5222522811685157,147.10523092112243,16.299955715540946,0,1,burst,augmented
2024-01-02 17:10:00,S007,2.956298079454421,95.59137683825408,13.456249931760247,0,0,normal,real
2024-01-04 00:35:00,S007,3.6498939170680775,194.94114466222788,24.551116850000604,0,0,normal,real
,S006,1.150986005839197,187.16808099883244,16.78283692877078,0,1,burst,augmented
,S009,3.2614392149864933,204.63764684945417,22.36147322637849,1,0,leak,augmented
,S004,1.7432975733911937,195.35104826759692,19.617697855125172,1,0,leak,augmented
2024-01-01 16:40:00,S006,2.9250144223983723,52.76415781073262,16.483611758387685,0,0,normal,real
2024-01-04 08:10:00,S006,2.57350696745691,135.91554150304188,22.292435280790784,0,0,normal,real
2024-01-03 14:40:00,S009,3.1231645008881346,53.60075672673333,15.030574093261936,0,0,normal,real
,S001,1.0018161548720395,306.5970393995867,21.739016023442172,0,1,burst,augmented
,S005,1.2258583831582766,309.22872021600426,15.913205428867414,0,1,burst,augmented
2024-01-04 08:05:00,S004,2.7823482996535684,77.63729773590114,10.85503581327901,0,0,normal,real
,S010,2.0724143997554965,218.38500666526545,20.516683501506265,1,0,leak,augmented
,S008,1.9802127349713785,66.53647866890903,13.688394720992665,1,0,leak,augmented
2024-01-03 21:55:00,S005,3.808938828228845,63.0663934192151,17.310766625080642,0,0,normal,real
,S002,1.383079007695375,177.34237130992457,13.894578080005456,0,1,burst,augmented
,S010,2.3649012906652906,172.91494148963693,17.072575659979027,1,0,leak,augmented
,S005,1.7324470078127119,123.07672980105669,15.495229591479543,1,0,leak,augmented
,S003,2.1453080672131826,200.0328677241943,10.427953837137803,1,0,leak,augmented
2024-01-02 09:45:00,S005,3.7926137423774433,138.54283144297398,13.394186623213477,0,0,normal,real
,S006,2.17358945672008,207.7693453407977,15.093040690099647,1,0,leak,augmented
,S006,2.4212467207313826,84.89011972155186,18.957045454525513,1,0,leak,augmented
2024-01-01 00:55:00,S009,2.944410258556124,74.79004085945037,10.234546101117909,0,0,normal,real
,S008,2.665867748022129,262.86648356373996,27.0,1,0,leak,augmented
,S002,1.6002404790442282,124.21177430882949,19.96463894403277,0,1,burst,augmented
,S002,1.376133900399162,163.1400020824014,16.497684733345686,0,1,burst,augmented
,S002,1.1981225538967673,132.78457768858289,13.143800010605322,0,1,burst,augmented
2024-01-04 07:10:00,S005,3.11184390605732,102.16736045733307,10.324683420204751,0,0,normal,real
,S007,2.6308143425623753,168.7754607521067,12.627233767832983,1,0,leak,augmented
,S009,1.3866278758786545,285.9470674938297,21.776710628937305,0,1,burst,augmented
,S010,1.3715686288566822,163.27885954894055,20.62318855569727,0,1,burst,augmented
,S005,2.648065623570367,133.02789172701745,16.722744934743112,1,0,leak,augmented
2024-01-03 21:35:00,S001,2.74254182991098,194.8748479577499,13.086915654841324,0,0,normal,real
,S001,1.5170721951916157,263.9449469828925,17.571551118437874,0,1,burst,augmented
,S001,1.0191672720129443,304.2221260096097,17.607862441843434,0,1,burst,augmented
,S006,2.048042740868142,115.69336097021133,13.355599604178863,1,0,leak,augmented
,S005,1.034923400346314,55.59476637487637,13.627407599397536,0,1,burst,augmented
2024-01-02 13:00:00,S009,2.6240731922865304,189.63310580912125,22.400719898965274,0,0,normal,real
2024-01-02 09:10:00,S004,3.0535795326413746,68.15375007277896,16.28421685281213,0,0,normal,real
,S002,1.9128226279201836,196.46832127200244,20.898602380247336,1,0,leak,augmented
,S009,1.304753849201627,320.0,16.253744905886673,0,1,burst,augmented
2024-01-03 07:45:00,S005,2.9608246255319064,131.96878125921864,16.257901278468648,0,0,normal,real
2024-01-03 23:10:00,S005,2.678659803815074,71.08206919933144,14.297106066168755,0,0,normal,real
,S004,1.496557139314912,159.37911709393182,25.0265056120482,1,0,leak,augmented
2024-01-03 10:40:00,S007,2.5243651648141805,159.31670816759714,14.852956187282372,0,0,normal,real
,S003,2.139214588140432,154.8807644547533,14.472799070110216,1,0,leak,augmented
2024-01-01 07:25:00,S002,3.9809141939724166,72.56253366552923,18.911960730282026,0,0,normal,real
,S005,2.4000528795439213,134.99073797900974,15.526030465637232,1,0,leak,augmented
,S006,0.8834641709143387,263.58936772935306,16.09000159613638,0,1,burst,augmented
,S010,1.5452723625457585,129.3279399320047,11.782237288047195,0,1,burst,augmented
,S007,2.322809861387762,156.80475210597587,9.884737660777303,1,0,leak,augmented
2024-01-01 10:05:00,S008,3.714811668781953,88.19609821456459,20.22254083335894,0,0,normal,real
2024-01-02 03:45:00,S009,3.899669997015336,146.38477993027874,16.318720799411082,0,0,normal,real
2024-01-03 02:00:00,S009,3.9516421979043432,115.96107297618629,14.175527224939849,0,0,normal,real
,S009,1.160852506934122,290.6425906694145,21.409507785699066,0,1,burst,augmented
,S001,1.1798729689022223,217.23775027220387,17.61132613440297,0,1,burst,augmented
,S010,2.441514155618773,132.45055539530406,22.277254986359026,1,0,leak,augmented
2024-01-01 18:15:00,S001,3.7367710703452506,103.6702026392407,14.83142053329003,0,0,normal,real
,S007,1.0566086456941348,209.6668467973747,16.842104453592416,0,1,burst,augmented
2024-01-02 21:45:00,S010,3.822493723499069,68.2243086631648,19.519588847310708,0,0,normal,real
,S004,1.3733593549578786,165.3106962496106,19.71289974353178,0,1,burst,augmented
,S003,1.298808106963448,178.0859736325474,18.99325858456,0,1,burst,augmented
,S002,1.4366839360777879,164.95178661779914,17.16772449882926,0,1,burst,augmented
2024-01-03 07:15:00,S005,2.51208865501318,191.47622344419275,13.557166989665667,0,0,normal,real
2024-01-02 14:15:00,S001,3.2819440714812087,196.40207349188205,11.8832532214398,0,0,normal,real
,S003,1.344654725971115,305.55910463399755,17.192859371729675,0,1,burst,augmented
,S006,1.0521009029727937,190.5535023558906,12.236395189125584,0,1,burst,augmented
2024-01-02 21:55:00,S008,3.424450728888586,133.53176647581438,16.236626552849827,0,0,normal,real
,S009,2.2549061688477097,119.50114332832229,26.949758121752566,1,0,leak,augmented
2024-01-01 18:20:00,S010,3.700880048663624,80.02253663672151,12.512238733886049,0,0,normal,real
,S004,1.4734486106167761,308.2306941187884,17.615257568613906,0,1,burst,augmented
2024-01-03 12:00:00,S006,2.8078863147325186,71.44364212815786,23.61603149766269,1,0,leak,real
,S004,2.6829632567275468,66.89392330292627,19.525107387038425,1,0,leak,augmented
,S008,1.5234749997408559,107.60565030803025,17.019227389854983,0,1,burst,augmented
,S004,1.276159902103017,119.32406876091794,19.244380744248218,0,1,burst,augmented
2024-01-02 18:35:00,S001,3.323287997616034,93.14490935655172,14.601648992832118,0,0,normal,real
,S001,1.1109121178315287,96.16013604389474,22.575524613036336,0,1,burst,augmented
,S006,1.2103211398221314,261.7961657000704,16.270273653027605,0,1,burst,augmented
,S010,1.3685836044138333,192.44544722267813,16.880954507186612,0,1,burst,augmented
,S009,2.413616604418353,205.40403991699168,20.213868176729285,1,0,leak,augmented
,S003,1.802698068990595,131.34104855656702,18.944952893950475,0,1,burst,augmented
2024-01-02 04:30:00,S010,3.767184154429032,90.220853014327,12.34572706605172,0,0,normal,real
,S010,1.2159906929153557,148.6751549083613,21.940400893575287,0,1,burst,augmented
2024-01-03 19:25:00,S002,3.799053512568635,51.48660432367305,21.670694597247987,0,0,normal,real
2024-01-04 02:45:00,S010,3.7396969142382734,133.65330367781792,10.819154548202036,0,0,normal,real
2024-01-03 18:35:00,S009,2.707557392080835,197.4109311365579,13.749593363032446,0,0,normal,real
2024-01-01 15:30:00,S007,3.9867529392054646,84.7507552075165,24.140976612026883,0,0,normal,real
2024-01-02 08:25:00,S006,2.568473118253576,71.00361463299765,14.152214616869584,0,0,normal,real
2024-01-01 15:05:00,S009,3.3711358108409915,90.7530456603506,15.974310759634534,0,0,normal,real
2024-01-01 01:40:00,S010,2.68313193205101,103.44467571154624,23.60242662318631,0,0,normal,real
2024-01-03 21:50:00,S008,3.39614386386013,182.13427408171287,10.744088625242242,0,0,normal,real
2024-01-04 09:30:00,S004,2.8552742058948195,74.74010402790967,11.86922594783687,0,0,normal,real
,S007,1.4613871686280566,130.5358778385724,21.624090791495863,0,1,burst,augmented
2024-01-03 03:10:00,S009,3.678464655293691,87.91976660236595,24.083424400619126,0,0,normal,real
,S007,1.5969286341732776,140.9382121609899,23.12045074976421,0,1,burst,augmented
,S004,2.082817670107556,171.30216035017835,22.790932224001825,1,0,leak,augmented
,S004,3.093169412960375,134.94079893154844,19.735489772133327,1,0,leak,augmented
,S004,1.3511607762383422,126.14674380042892,20.462256217583004,0,1,burst,augmented
,S002,1.1029863688522468,170.88416060677068,22.90238076134435,0,1,burst,augmented
2024-01-01 00:35:00,S003,3.863980603118173,88.81699724000254,19.93783426530973,0,0,normal,real
,S007,1.854468583069652,85.56895112308476,17.43942693107068,1,0,leak,augmented
2024-01-03 00:10:00,S001,2.43783048876936,75.79146619708948,11.423769052325046,1,0,leak,real
,S002,1.5352223662372246,103.00004584037598,14.064500276669218,1,0,leak,augmented
2024-01-01 18:10:00,S001,3.339473025230371,51.46562711287755,14.896919623659878,0,0,normal,real
,S005,1.5662203538308164,258.0386233723937,27.0,0,1,burst,augmented
,S007,2.408497110628532,140.63921140437998,24.094396629121206,1,0,leak,augmented
2024-01-01 10:15:00,S002,2.686445835228317,159.63012128054663,24.075106852315567,0,0,normal,real
,S005,0.9868076371624632,277.3747093895252,20.198106416851072,0,1,burst,augmented
,S007,1.2324640576241392,240.34983145716038,15.020636761289218,0,1,burst,augmented
2024-01-02 20:25:00,S010,3.270416569816487,88.00357550894921,24.81489388511877,0,0,normal,real
2024-01-03 08:45:00,S004,3.600858065502804,101.98381397248214,16.11573655997838,0,0,normal,real
,S007,0.8103795666396678,178.7415898240553,11.638414229864274,0,1,burst,augmented
2024-01-04 05:30:00,S006,3.640492332106207,158.36170766953168,10.110878521664397,0,0,normal,real
2024-01-01 15:45:00,S002,3.23677951130294,199.45036637100864,23.46154222069305,0,0,normal,real
2024-01-01 03:30:00,S003,3.9704973755740687,61.301938400919234,14.585455289307728,0,0,normal,real
2024-01-02 00:25:00,S009,3.674044061116224,89.80811137822919,12.666495817768723,0,0,normal,real
,S002,1.0524202890443362,169.01059596830126,8.0,1,0,leak,augmented
2024-01-04 06:15:00,S007,2.944667331616229,189.44744115519924,11.869200785174913,0,0,normal,real
,S010,0.9063988240078913,225.3661866558505,11.229393878633854,0,1,burst,augmented
2024-01-01 01:55:00,S008,3.554528438342767,104.5444403568941,24.57673124081441,0,0,normal,real
2024-01-02 09:20:00,S003,3.390491186812808,51.51967760416151,19.54144069614313,0,0,normal,real
2024-01-01 21:30:00,S005,2.793666978525319,51.13443124672132,19.712120712319045,0,0,normal,real
,S010,2.3626778315288,142.68396389512324,12.191869800244897,1,0,leak,augmented
,S008,1.2211906663867798,83.38371264571671,16.849406691681928,0,1,burst,augmented
2024-01-02 07:10:00,S006,2.840095574385266,107.24179098008,11.932730680003822,0,0,normal,real
,S002,2.7191813883586518,162.59937528587417,15.598447901877442,1,0,leak,augmented
2024-01-02 19:05:00,S009,3.606827477251909,155.6831642041168,16.340929553408984,0,0,normal,real
,S008,3.067892195864464,185.05670239452422,18.03112031521519,1,0,leak,augmented
,S007,1.9286276609813888,278.4268960006757,20.775676339747847,0,1,burst,augmented
,S003,1.643037570758736,173.08930005794954,16.090521501922066,1,0,leak,augmented
,S009,1.3034228395949197,239.23866654271762,19.731155524524755,1,0,leak,augmented
,S003,2.282743100819975,136.83288966949587,14.636478657459119,1,0,leak,augmented
,S008,1.402683572706039,126.88702056312479,19.220539698218396,0,1,burst,augmented
2024-01-01 11:40:00,S006,3.278257085689108,138.69131536173938,15.985040558051953,0,0,normal,real
2024-01-01 06:05:00,S010,3.1622957520600656,183.15562741374487,15.26372518828118,0,0,normal,real
,S003,1.8884787433899441,136.24957093981465,15.7080061534593,0,1,burst,augmented
,S006,3.0211012255688234,82.5533277212299,20.667520625740593,1,0,leak,augmented
,S001,2.287789719434521,32.70694626889146,21.191356666538056,1,0,leak,augmented
,S006,2.115617783059067,143.86105222849952,17.566449155691956,1,0,leak,augmented
,S010,2.150589700585329,66.72465409458975,15.303289814581518,1,0,leak,augmented
,S006,1.1862025036042616,320.0,25.258127879090694,0,1,burst,augmented
,S009,1.429883265470472,210.33764225226253,13.761569424282847,0,1,burst,augmented
2024-01-03 18:25:00,S009,1.5285407442068029,218.5110660669936,18.739429690605483,1,0,leak,real
,S004,1.338022641391986,273.67730450141516,14.476001962784224,0,1,burst,augmented
,S002,3.037354656297194,172.91247959638375,20.561853323713393,1,0,leak,augmented
,S010,1.8192457626343363,118.75584061139611,24.420613764414256,1,0,leak,augmented
,S009,2.0793479166645428,74.10204024948371,19.886261880647268,1,0,leak,augmented
,S007,1.3929927711041192,178.7247651906815,21.90364698294164,0,1,burst,augmented
2024-01-02 17:15:00,S006,3.597587104846319,146.09533892038797,16.239158568727824,0,0,normal,real
,S004,1.8463249958610666,85.41140724152137,13.457164644848232,0,1,burst,augmented
,S008,1.8969133448308382,89.56927891775776,19.295850882299213,1,0,leak,augmented
,S007,2.068280537078519,122.99270045538776,18.24636040228039,1,0,leak,augmented
,S006,1.509981900688918,192.99259975438858,12.99328811747531,0,1,burst,augmented
,S010,2.3764330528617723,189.18107608665844,11.072699270271237,1,0,leak,augmented
,S010,2.5277079892732557,113.15548171939687,23.69988613000437,1,0,leak,augmented
,S007,1.5616480289753134,217.2130925581472,21.30915596352716,0,1,burst,augmented
2024-01-02 08:30:00,S001,3.4337795435946177,120.46156444860256,16.712022119836867,0,0,normal,real
,S004,2.4052975160436505,189.52230571638978,19.728173851698706,1,0,leak,augmented
2024-01-03 11:15:00,S003,3.836977309540448,119.572137459152,14.80040974843588,0,0,normal,real
,S009,2.0311893757759556,143.23918225952835,13.3458468802655,1,0,leak,augmented
2024-01-02 06:20:00,S005,3.96018608496426,100.5260752791655,14.44734671924973,0,0,normal,real
2024-01-02 14:05:00,S003,3.106434620882304,129.64065176181407,18.926975123585223,0,0,normal,real
,S010,2.1995519766733187,2.473441630761272,13.679200750557202,1,0,leak,augmented
,S008,1.3113394614476526,152.05161355207366,16.82025373296959,0,1,burst,augmented
,S003,1.575657463721928,250.2015643682834,14.159935518511531,0,1,burst,augmented
,S002,1.5656310016119628,157.0304276844622,21.067835341068108,0,1,burst,augmented
,S005,2.5824709659894696,123.79430340653045,18.05351153307236,1,0,leak,augmented
,S006,0.8700688365495355,315.9371262869006,16.1052656038623,0,1,burst,augmented
,S002,2.158173463840323,153.958930269792,18.10213073118112,0,1,burst,augmented
,S004,2.669368659280606,165.30072842496048,23.632228750602494,1,0,leak,augmented
2024-01-03 04:15:00,S005,3.624139008971213,114.66686076455076,11.31322996041671,0,0,normal,real
2024-01-03 10:30:00,S004,3.408221875788918,96.18295730243742,22.562962511140835,0,0,normal,real
,S010,2.83875505633329,212.46606227836543,20.78595796087938,1,0,leak,augmented
,S006,1.0777569780319105,226.10481997288719,18.348416342187594,0,1,burst,augmented
,S007,2.1980511831633964,59.0821640987383,13.72889054923887,1,0,leak,augmented
,S006,1.422722845363999,315.29689064730155,16.38942121577904,0,1,burst,augmented
,S001,1.7056399709667636,212.0344779075376,17.66045899240486,1,0,leak,augmented
,S002,2.906922277475764,157.28786425343614,14.05417128061943,1,0,leak,augmented
,S006,2.593173518421389,106.70977866231397,22.037917031783216,1,0,leak,augmented
2024-01-03 13:00:00,S003,2.727168282903036,114.91572265127284,18.935197362422944,0,0,normal,real
2024-01-01 05:45:00,S001,3.257878558671786,173.96861991616123,14.800744015459175,0,0,normal,real
,S003,1.0357060840317307,163.81449722688464,12.803343432739908,0,1,burst,augmented
,S004,2.6892981818820183,101.7002907920014,15.344877698815997,1,0,leak,augmented
2024-01-04 05:40:00,S006,3.0379920445396884,90.16887117839508,16.483465892567622,0,0,normal,real
,S002,1.2898911179439496,114.0512195550484,16.870516222215848,0,1,burst,augmented
2024-01-04 11:05:00,S002,2.716468065531222,64.03391103685033,10.250073258994496,0,0,normal,real
2024-01-01 22:05:00,S009,3.690615775570776,146.99088701342902,12.621601642410658,0,0,normal,real
2024-01-03 22:35:00,S001,3.560918367858501,87.82593162432948,16.700897030539608,0,0,normal,real
,S001,1.4154503037758772,277.8310737666892,17.006636960807118,0,1,burst,augmented
2024-01-01 05:35:00,S003,3.98575771300101,111.89265153671396,15.580271286891747,0,0,normal,real
,S004,2.1023781430123387,222.82651849395126,15.898577956111424,1,0,leak,augmented
2024-01-03 19:40:00,S010,2.852131632587457,172.83039057807073,15.059959132686483,0,0,normal,real
2024-01-01 23:20:00,S006,2.633686648174025,163.29056307452117,11.915702254528522,0,0,normal,real
,S001,2.0815578920046205,86.70243968672128,27.0,1,0,leak,augmented
,S010,2.15453076954335,189.63469212054628,13.95632347151322,1,0,leak,augmented
,S002,2.2153184587001653,39.36638634441866,16.066203612581287,1,0,leak,augmented
,S002,1.1298334813611055,130.0104792551202,23.62879853374349,0,1,burst,augmented
,S009,2.846879542088184,226.29619551654721,14.315778324691019,1,0,leak,augmented
2024-01-03 17:10:00,S010,3.589166889016956,105.04421105108008,12.208406116157754,0,0,normal,real
2024-01-02 13:30:00,S009,3.213951596517484,66.64662868777222,19.51636217929876,0,0,normal,real
2024-01-02 05:50:00,S008,3.280285784877332,117.14044104803254,18.36730287893802,0,0,normal,real
,S004,2.0260503756019648,113.84755437874642,22.926532719785303,1,0,leak,augmented
,S009,1.9241695489555957,127.76891272050138,24.375199611282167,1,0,leak,augmented
,S008,1.7996570946261072,19.587008188109294,18.738378236391384,1,0,leak,augmented
,S008,2.5970945519772837,103.48274290975996,15.77471110382183,1,0,leak,augmented
,S002,1.8466029912430009,320.0,11.604777519702324,0,1,burst,augmented
,S005,1.0640020688912466,129.79125875959866,19.178031738316797,0,1,burst,augmented
2024-01-03 23:05:00,S007,3.771321449582104,77.27264792560081,16.455197985583006,0,0,normal,real
,S007,2.2254322076014272,214.85908067056351,21.389484257201694,1,0,leak,augmented
,S008,1.4282707919654796,194.05836415244676,19.30861569063065,0,1,burst,augmented
,S008,1.066848765704305,252.56247979307471,22.188712955753953,0,1,burst,augmented
,S002,0.8682884095296222,244.2428827990176,15.211541290190377,0,1,burst,augmented
,S005,2.3119445308697664,224.03117515261158,21.856901141532997,1,0,leak,augmented
,S001,0.8608410284390022,80.51848612078592,19.832875002552818,0,1,burst,augmented
2024-01-01 19:00:00,S001,3.7606786094154,76.12900048673805,24.41170827230465,0,0,normal,real
,S004,1.8616072724138346,240.05601492478846,18.001579471333677,0,1,burst,augmented
,S004,2.635360555477992,75.51845758768921,23.19022790354597,1,0,leak,augmented
2024-01-03 22:25:00,S010,3.39465093193849,122.70342754044611,10.40301481067403,0,0,normal,real
,S006,1.2572114429830017,52.03342020691284,23.184180521868207,0,1,burst,augmented
2024-01-01 05:40:00,S005,2.8578952896855103,151.9767169850369,21.098631406710616,0,0,normal,real
,S002,2.5161933053462278,118.58553983415912,16.63018466372103,1,0,leak,augmented
,S003,1.4997232993908898,227.168603371773,19.417033580960386,0,1,burst,augmented
,S009,1.2699899069044251,257.8850130441688,16.10678015902663,0,1,burst,augmented
2024-01-03 13:45:00,S006,3.199174438987733,116.80797889668084,10.218507321269184,0,0,normal,real
2024-01-02 10:00:00,S005,3.835145552775713,101.8816191106786,12.316896208349856,0,0,normal,real
,S007,1.7104002131298937,201.5613522304855,20.248479191884208,1,0,leak,augmented
,S002,2.832047754801961,238.58342707600303,20.258450797017947,1,0,leak,augmented
,S002,1.3041643779609189,91.3369410720011,18.511514549220756,0,1,burst,augmented
2024-01-02 14:45:00,S008,3.9140864786411687,167.77843147226127,24.86991852346331,0,0,normal,real
,S004,1.1302081781035598,220.22250127196256,16.939164328318274,0,1,burst,augmented
,S008,1.4547555950570266,59.795445254105616,24.094449161977586,1,0,leak,augmented
,S007,2.7334295449430823,111.58177753934785,9.94619401616913,1,0,leak,augmented
,S003,2.933515357207853,77.60870914220642,15.253071236034133,1,0,leak,augmented
,S010,1.775438200676855,134.87527723728317,18.55995724393632,1,0,leak,augmented
,S006,2.639843044715582,172.0277845525875,16.41624307004905,1,0,leak,augmented
,S006,1.4346955946556796,220.17975938218444,20.472231422077844,0,1,burst,augmented
,S002,1.0318237555627998,252.17008185768145,20.881248238867574,0,1,burst,augmented
,S005,1.3992784953397785,124.10920474618162,17.198285124344718,0,1,burst,augmented
2024-01-01 10:10:00,S008,3.409152821583758,169.14341749496936,11.60048875170154,0,0,normal,real
,S002,2.2997586778300088,163.2055613110536,22.86176996269552,1,0,leak,augmented
2024-01-01 04:20:00,S008,3.5891370005839924,196.37781191938012,17.74450522451793,0,0,normal,real
,S007,1.6220237497844554,146.87066759271875,21.08536927970912,0,1,burst,augmented
,S008,2.349640698315647,141.73590137289807,21.56571547120363,1,0,leak,augmented
,S006,2.288824297362961,151.31427038473313,15.083975988825635,1,0,leak,augmented
,S004,2.4837500459956883,171.7983522664914,27.0,1,0,leak,augmented
2024-01-01 11:50:00,S006,3.0195189915489418,102.04298028443417,21.062518721646228,0,0,normal,real
2024-01-01 13:00:00,S010,3.7376609971339896,104.45888182926358,10.513421662307938,0,0,normal,real
,S003,0.9629975062936909,320.0,20.048648515680046,0,1,burst,augmented
2024-01-01 11:00:00,S006,3.304722027226892,106.82323483353736,16.855003289225174,0,0,normal,real
2024-01-01 03:45:00,S010,3.6111529266313065,154.5523611492902,20.53726125980664,0,0,normal,real
,S004,1.1482992708819706,103.58981294024328,17.023307843644094,0,1,burst,augmented
,S006,1.9984443493155915,245.97683539020392,16.5853321138669,0,1,burst,augmented
2024-01-03 20:05:00,S007,2.685769040058726,60.58034563894349,23.641442555288148,0,0,normal,real
,S009,2.1869234891736093,59.46926925541848,13.551269495228823,1,0,leak,augmented
,S006,0.5926309600585292,27.00526301339309,18.32084251000628,0,1,burst,augmented
,S003,2.2415401269901216,178.74118439191662,14.973668896630764,1,0,leak,augmented
,S004,2.6236068095264637,137.4586133850796,15.194979546226786,1,0,leak,augmented
,S002,0.9262105448938027,117.45744278960512,13.910271229888071,0,1,burst,augmented
2024-01-01 03:20:00,S005,2.8452779023623327,124.87900698271284,18.580062988137747,0,0,normal,real
2024-01-03 22:45:00,S002,2.7297167501259345,159.21746560042496,19.003771151493744,0,0,normal,real
,S010,1.4505396749528499,129.31298339921776,27.0,0,1,burst,augmented
,S008,1.4581026615070307,104.55200689430536,15.880997736808242,0,1,burst,augmented
,S003,2.241257901267192,231.3059713470117,16.06183548573169,1,0,leak,augmented
2024-01-01 06:30:00,S003,2.880523260809708,110.78031301721256,18.57209537807516,0,0,normal,real
,S003,2.7538954785327774,169.62072555720528,11.911716456920818,1,0,leak,augmented
,S008,2.8025997526854822,230.27378175534892,20.412263733282497,1,0,leak,augmented
2024-01-01 01:30:00,S004,3.914280355836972,139.8298199732804,20.42177399559557,0,0,normal,real
,S004,1.1238963977739893,265.9748026191864,11.539445105940555,0,1,burst,augmented
,S006,1.9683379742780347,260.02993775137264,23.179112716760976,0,1,burst,augmented
2024-01-01 09:40:00,S006,3.096783398568612,195.42056499130533,22.982606888409705,0,0,normal,real
2024-01-02 08:40:00,S007,3.7038785193697192,135.80729650539513,17.690015889346245,0,0,normal,real
2024-01-03 02:25:00,S007,2.6234084864155927,118.93760858204344,14.596952020642306,0,0,normal,real
,S009,1.45803612778284,125.66429234902716,12.767508054299876,0,1,burst,augmented
2024-01-04 08:45:00,S007,2.763835425127993,85.30748928475364,17.41556216568637,0,0,normal,real
,S007,1.1271953906383432,60.5190362549466,14.999733362365715,0,1,burst,augmented
2024-01-02 23:15:00,S009,3.0204439896018376,108.61327284944556,12.380183105345274,0,0,normal,real
2024-01-03 07:35:00,S003,1.2063463970337849,198.25145501800296,21.749469744340715,0,1,burst,real
2024-01-03 21:00:00,S004,3.45346798292892,103.39366602059609,12.227601724655212,0,0,normal,real
,S009,2.5905001588841796,184.5595579353416,20.695301001499647,1,0,leak,augmented
,S006,2.7272394520407355,79.00068699540554,26.940179324080837,1,0,leak,augmented
2024-01-02 15:45:00,S010,3.2153501597019547,157.7496763058006,13.710104737286253,0,0,normal,real
2024-01-02 03:10:00,S004,3.583106407304105,182.9293670697612,18.895665012801764,0,0,normal,real
,S005,2.1721218518571517,34.23733150618271,12.480727944019526,1,0,leak,augmented
2024-01-01 22:30:00,S009,3.981678280322331,70.46596288350997,20.427168310713903,0,0,normal,real
2024-01-02 06:00:00,S008,3.8409845650118055,148.14388284874428,12.281564248334092,0,0,normal,real
,S002,2.191079128161423,133.01068618958107,14.835468480865458,1,0,leak,augmented
2024-01-03 11:20:00,S002,3.5087608940104738,152.32875338826483,14.728591519741762,0,0,normal,real
,S009,1.2262594189647187,293.0914830231524,22.960024459772654,0,1,burst,augmented
,S010,2.1628499093815514,182.78304328510686,19.575886220435677,1,0,leak,augmented
,S003,1.552491469694969,203.89711260859403,26.218760446292706,0,1,burst,augmented
,S003,0.9651865064531406,220.84427124923263,17.433699740437202,0,1,burst,augmented
,S001,1.3430323342524653,98.66480336189211,14.62353202652686,1,0,leak,augmented
,S009,2.254529678413891,204.6499238979141,22.75016610737069,1,0,leak,augmented
,S003,2.04320830110991,145.4239295759778,15.329020163314766,1,0,leak,augmented
2024-01-03 09:05:00,S005,2.734475456063292,160.69264210963885,15.407117577123309,0,0,normal,real
,S003,1.2720422264573379,211.06409079066515,14.412119597227683,0,1,burst,augmented
2024-01-04 03:00:00,S002,3.7308169716189807,51.07131226523676,16.850958893287604,0,0,normal,real
2024-01-01 12:25:00,S007,3.629869331121176,90.84527820804492,23.461456147283265,0,0,normal,real
,S010,1.4386926346050901,211.95986236130304,24.979895967336113,0,1,burst,augmented
2024-01-02 10:10:00,S005,3.296628017327864,176.25850426170143,18.70332278177544,0,0,normal,real
,S008,2.7239597980208634,147.22487847839577,17.176881454903796,1,0,leak,augmented
2024-01-01 09:00:00,S008,2.6996753928812174,153.07482581049965,22.66661008950443,0,0,normal,real
,S002,1.247033451853994,260.66404864075514,16.696946277740043,0,1,burst,augmented
2024-01-01 22:45:00,S003,3.101781871058474,105.0434118807201,15.15340712163556,0,0,normal,real
2024-01-04 03:15:00,S009,2.783191041660167,112.16125965777428,24.037392001042345,0,0,normal,real
,S006,1.307814890767479,98.68333593414987,19.073821341659578,0,1,burst,augmented
,S008,3.4217053643098967,124.8702563358747,16.054728112328466,1,0,leak,augmented
,S010,1.838984084271557,163.54566622035358,23.56971173013163,1,0,leak,augmented
,S006,1.456840697051625,228.67920313308048,15.123431028443422,0,1,burst,augmented
2024-01-03 02:40:00,S002,3.206301034334765,148.4082532963556,18.39368281698013,0,0,normal,real
,S001,1.2499870950326368,232.21066874244792,17.952890842960965,0,1,burst,augmented
,S007,1.7934822684548903,220.85692263097246,17.685271875748274,0,1,burst,augmented
,S009,1.2080196868279687,107.539307369655,21.644746823638254,0,1,burst,augmented
2024-01-01 08:20:00,S008,2.568791899606949,143.12085266331368,15.211201123381214,0,0,normal,real
,S003,0.9575542586664594,190.64320102150165,13.80115008715212,0,1,burst,augmented
,S005,1.0673531185958969,171.0307252800707,14.750678623365456,0,1,burst,augmented
2024-01-04 07:30:00,S004,3.287977396676082,59.90829617332401,24.58852353474605,0,0,normal,real
,S004,1.364888565242974,320.0,13.877341369253891,0,1,burst,augmented
2024-01-01 18:50:00,S007,2.565492486561042,74.2508816220204,10.312917089373071,0,0,normal,real
,S001,0.6790903647800173,95.61637872870602,21.43476242578894,0,1,burst,augmented
,S007,2.661527346703417,129.4956459091942,18.36976064185727,1,0,leak,augmented
,S008,2.41531674325475,117.4347173946737,15.30463580051718,1,0,leak,augmented
,S002,2.4511492790791767,171.4578387242888,9.52882846197425,1,0,leak,augmented
,S010,1.1421023218291768,184.78389746269468,19.868160755532486,0,1,burst,augmented
,S008,2.9067919528469868,85.83647924104558,14.554089014412149,1,0,leak,augmented
,S009,1.4049917320376524,246.45635473638833,14.819617336102828,0,1,burst,augmented
,S002,2.257014653288982,88.71146455153402,17.70169160078129,1,0,leak,augmented
,S008,2.6430566760444245,162.58335264416445,14.925986224129296,1,0,leak,augmented
,S004,2.790383280660454,140.11642340152176,14.368741190434083,1,0,leak,augmented
,S009,2.9628309867946863,205.3367186102927,16.943571223451343,1,0,leak,augmented
2024-01-04 02:10:00,S004,2.9498940962095994,121.14629973026454,12.520300782890178,0,0,normal,real
,S003,2.3912957370991426,194.46244776865254,16.338645018636644,1,0,leak,augmented
2024-01-01 21:40:00,S005,2.9273093529428844,96.09349473894298,22.04538846748995,0,0,normal,real
2024-01-02 20:45:00,S002,3.250120177407374,167.76465711435614,18.982681001191587,0,0,normal,real
,S001,0.8343274306924682,320.0,17.727957230274324,0,1,burst,augmented
2024-01-03 12:05:00,S003,3.867008785117946,53.14011767400999,14.73659726874244,0,0,normal,real
,S009,3.2536339649438037,115.95278695982745,14.20677554389831,1,0,leak,augmented
2024-01-03 06:00:00,S009,3.538016883919982,118.6893491651042,13.397824390541588,0,0,normal,real
2024-01-02 14:35:00,S008,3.186993638505357,109.70079394317544,14.543735932497889,0,0,normal,real
2024-01-01 15:10:00,S004,3.6063734523833375,85.81657186524535,11.65711169697092,0,0,normal,real
,S010,2.5007915249839883,165.40278249473,19.128990333252236,1,0,leak,augmented
,S008,2.156299066182397,177.7005687349866,19.68871363859293,1,0,leak,augmented
2024-01-02 10:25:00,S006,3.634320420925265,118.7784513322836,14.338671579589818,0,0,normal,real
2024-01-01 11:55:00,S003,2.872339664135728,136.64479311373208,12.482699761419608,0,0,normal,real
2024-01-02 02:45:00,S008,1.0526838151027706,87.41796678150493,13.700182967824343,0,1,burst,real
,S005,3.19624020210194,150.778206994036,18.782988422463312,1,0,leak,augmented
,S001,2.399613411175073,193.55241719014745,18.622142380303853,1,0,leak,augmented
,S003,1.8701084324764232,38.581364386410115,18.513125385261613,1,0,leak,augmented
2024-01-01 20:55:00,S004,3.4757674716875737,164.77862968336768,23.88512246321068,0,0,normal,real
,S006,0.9747999462488963,133.2299105399549,20.21274769393879,0,1,burst,augmented
,S001,1.5098029141271083,165.31431741642146,15.976524237733287,0,1,burst,augmented
2024-01-02 12:15:00,S002,3.691773316736123,156.06297159000474,10.753390171959609,0,0,normal,real
2024-01-02 06:40:00,S009,3.153258181597239,136.58745961529195,21.07103685007776,0,0,normal,real
2024-01-04 01:15:00,S007,3.640600100931224,151.4597553365009,14.514494794474324,0,0,normal,real
,S003,2.86362196695426,180.62852858171593,25.720311509845608,1,0,leak,augmented
,S010,1.7034590025827914,312.0211122825349,20.522153135489468,0,1,burst,augmented
2024-01-03 04:35:00,S001,3.559369243832893,143.40343114246963,24.85163269130299,0,0,normal,real
,S003,1.2671669316863656,144.26410363415138,12.035722164477331,0,1,burst,augmented
,S006,2.312213012755062,158.53724779403953,13.250934580425014,1,0,leak,augmented
2024-01-03 17:05:00,S002,2.9928372248286976,58.16990710502564,12.736870609787353,0,0,normal,real
2024-01-02 06:45:00,S003,2.5466733998760365,160.894210274716,11.59515589383662,0,0,normal,real
,S004,2.403618500567066,201.85539179733894,13.173122823568796,1,0,leak,augmented
2024-01-01 23:35:00,S004,3.810004992585772,74.26463170281644,21.794139351356417,0,0,normal,real
,S009,1.3168866606723997,119.72662649502007,21.561546047526363,0,1,burst,augmented
,S006,1.2977138679199134,262.91316830625436,13.390844746030877,0,1,burst,augmented
,S006,2.1684326468903627,48.34428779625294,17.998613114509062,1,0,leak,augmented
2024-01-03 16:45:00,S008,3.457733177198703,97.96147931115424,10.85675745055665,0,0,normal,real
,S009,1.4499091671628066,196.00838190890923,14.922933646930503,0,1,burst,augmented
,S004,1.291879750620328,107.24335909181208,16.2877330115445,0,1,burst,augmented
,S002,2.451573722184079,228.59771212737877,18.47583831654409,1,0,leak,augmented
2024-01-01 00:20:00,S003,3.073692986900744,197.48463287101825,17.0014433987197,0,0,normal,real
,S010,2.3303224672990672,119.30629890134544,20.103251686409788,1,0,leak,augmented
2024-01-02 16:45:00,S003,3.3907037212144235,54.92144361929127,19.540637031699525,0,0,normal,real
,S003,2.5867170524139693,130.65126949560863,15.445742023006675,1,0,leak,augmented
2024-01-01 12:20:00,S001,3.101144591312989,133.94604969623268,12.328603688960689,0,0,normal,real
2024-01-02 23:10:00,S010,3.637752821374586,52.19423883165136,13.108634496533174,0,0,normal,real
,S010,1.5141138545200465,127.80170698258047,16.63180706090155,1,0,leak,augmented
,S007,2.7264284267446297,221.86343554394568,25.923337476521315,1,0,leak,augmented
,S002,1.1879830041847255,216.8446093969965,16.530473543892874,0,1,burst,augmented
,S004,1.1060748948764711,109.81693467154248,27.0,0,1,burst,augmented
,S010,1.3082042049115052,315.8380451455131,10.664223122568748,0,1,burst,augmented
2024-01-01 21:05:00,S005,2.9868787448504053,104.96923023070968,15.942590374138833,0,0,normal,real
2024-01-03 14:35:00,S002,3.5085847191980566,75.48088916067145,10.831238326633668,0,0,normal,real
,S006,0.8449717193871075,176.06244639479436,18.944700119119776,0,1,burst,augmented
2024-01-02 14:55:00,S010,2.97272055869883,91.43559874627296,24.72479985778672,0,0,normal,real
,S002,1.5021240453493143,175.42399396005464,22.109348829467724,0,1,burst,augmented
2024-01-04 04:55:00,S006,2.6596176443542667,173.26286254780854,12.084534878299367,0,0,normal,real
2024-01-04 05:15:00,S010,2.9174014912281545,109.31274053635671,20.30784994703015,0,0,normal,real
,S001,2.823297360908354,104.3421294702679,15.189550602374203,1,0,leak,augmented
,S003,1.2850573584101754,206.0001151438822,19.910094739290155,0,1,burst,augmented
,S005,1.3931067715377432,244.3946150417131,14.31848792408531,0,1,burst,augmented
,S009,1.4606693457763862,198.58261193152646,18.682892663365283,0,1,burst,augmented
2024-01-04 04:20:00,S009,3.672669738893089,122.62595482451113,21.91021675398944,0,0,normal,real
,S002,2.6441863303446667,144.09372031417942,15.926619212664287,1,0,leak,augmented
,S008,1.371152603613124,216.56064526029516,21.747015612400382,0,1,burst,augmented
2024-01-03 17:35:00,S007,3.785846406054687,164.69764255773103,12.200426710227724,0,0,normal,real
2024-01-04 08:55:00,S006,3.842614838742768,136.08937041844734,15.26166434515468,0,0,normal,real
2024-01-01 07:00:00,S006,3.1834851291785693,143.0198896702305,14.16071774471699,0,0,normal,real
2024-01-01 22:10:00,S008,3.030132068954077,85.5305838461723,21.70788272865793,0,0,normal,real
,S001,1.3992227860239999,96.29508154780906,19.032765172483977,0,1,burst,augmented
2024-01-01 16:15:00,S006,3.2818904682706225,180.22412060773203,13.67928298383002,0,0,normal,real
2024-01-01 04:50:00,S005,3.211260743630988,64.67512409765023,17.374238126752484,0,0,normal,real
2024-01-03 09:00:00,S006,3.8126770668370704,168.57807654075103,12.116613910320266,0,0,normal,real
,S006,2.431157295866348,155.88737129798398,17.15371295483453,1,0,leak,augmented
2024-01-02 00:10:00,S004,3.1592675329493654,65.84970263926158,19.61239472035309,0,0,normal,real
2024-01-03 05:20:00,S010,2.949913104665534,139.4122932857459,16.50765884282866,0,0,normal,real
,S010,2.1427417753022655,163.5050958783034,16.96245760880626,1,0,leak,augmented
,S009,3.114559478981515,114.95840265945637,9.32065290410363,1,0,leak,augmented
,S003,1.5465494006035319,108.71090074770024,19.026182172261482,1,0,leak,augmented
,S009,1.1243089426349637,121.4625487921011,19.70598498729845,1,0,leak,augmented
,S003,1.544558076053161,273.61799615780757,21.791546956746064,0,1,burst,augmented
,S009,2.5394588242749863,206.3254930455563,14.62016279561333,1,0,leak,augmented
,S006,0.7803956365371267,55.585199472969336,19.426385599284277,0,1,burst,augmented
2024-01-01 00:45:00,S004,3.396849968216628,188.2811352534675,11.327387530778791,0,0,normal,real
2024-01-04 06:55:00,S005,3.914474176106704,141.55640896725382,22.52460678524444,0,0,normal,real
2024-01-04 07:40:00,S001,2.517876974467363,70.95385589044079,20.73603889616193,0,0,normal,real
,S001,2.1091129397944886,196.64026482977383,17.231941275099516,1,0,leak,augmented
,S008,1.1981755438692478,281.75925379095764,10.760493686459583,0,1,burst,augmented
2024-01-03 09:10:00,S002,2.545031998223608,116.67923795752397,17.569285369115434,0,0,normal,real
,S003,1.8945044064262644,93.5207822296282,17.188695206550566,1,0,leak,augmented
,S009,1.7848052730826383,98.4284060431296,18.720097078008433,1,0,leak,augmented
,S006,0.9309296222513701,179.6075309051118,18.08887600671739,0,1,burst,augmented
,S009,1.5017388470213655,131.6301214817061,13.922734875649803,0,1,burst,augmented
,S010,2.471182505169695,139.1167057324744,19.615161741582124,1,0,leak,augmented
2024-01-04 08:25:00,S009,3.7879001604737472,194.40988757917088,19.42520676324167,0,0,normal,real
2024-01-03 08:35:00,S010,3.494194411314582,180.5950822225236,21.38630398833457,0,0,normal,real
,S001,1.7408526396581065,118.46779014316596,19.930453877282993,1,0,leak,augmented
2024-01-04 08:00:00,S002,3.0135926849437897,131.97145415380646,11.370298640853338,0,0,normal,real
,S001,1.3096541775664898,86.05675536376101,17.200288875775797,0,1,burst,augmented
,S002,3.084736034737537,95.49332145577944,19.03561561131093,1,0,leak,augmented
,S005,2.211915902616683,61.20600869704633,13.59465110887122,1,0,leak,augmented
,S002,1.5777884130090911,185.86648581870222,20.744775341555275,0,1,burst,augmented
,S005,2.037957792912382,290.0981879923332,14.642821556454532,0,1,burst,augmented
2024-01-04 03:20:00,S002,2.5157698368124803,164.2834841566226,23.39956740682184,0,0,normal,real
,S010,0.8155989695820169,292.4886440057584,16.36468319485348,0,1,burst,augmented
,S002,1.1729947004187542,170.81247445022058,16.743884182954062,0,1,burst,augmented
,S007,2.2615947413005317,159.71926742469915,20.79793858365739,1,0,leak,augmented
,S007,1.6054374344097264,224.2473220138055,25.2204458072723,0,1,burst,augmented
2024-01-02 03:05:00,S003,3.7629555572450633,120.54785811526784,17.530753202326707,0,0,normal,real
,S006,0.9404637938767291,249.85356297124014,16.02143092680125,0,1,burst,augmented
2024-01-02 10:05:00,S003,3.0109062498719377,60.75678332714765,16.14443342342848,0,0,normal,real
2024-01-02 22:40:00,S002,2.6004604180379074,181.6025679699258,15.841074084683129,0,0,normal,real
,S001,2.021980360632964,171.98380349891187,19.18747480970309,1,0,leak,augmented
,S009,1.1108044971585953,163.9211643836488,22.137341253241654,0,1,burst,augmented
,S007,0.9331225354118722,141.128409269374,18.854721671700258,0,1,burst,augmented
,S005,1.0460735714350928,108.1116570908499,19.047408569801064,0,1,burst,augmented
,S002,3.5118054878681964,268.47496425508587,25.018880769666723,1,0,leak,augmented
2024-01-04 05:10:00,S003,3.410986625189599,63.28675094549661,20.153084137413646,0,0,normal,real
2024-01-02 07:30:00,S004,2.6688705856179054,155.55289661911937,18.110477149673656,0,0,normal,real
,S003,1.3939487826008317,190.11639665180235,17.87676263157218,0,1,burst,augmented
2024-01-02 20:50:00,S007,2.5842641160211586,123.66435940747478,23.90665943287641,0,0,normal,real
,S009,2.017101355129965,100.12373400137892,12.451584228549692,1,0,leak,augmented
,S001,1.3310909676674907,281.5357343894667,13.809823708101153,0,1,burst,augmented
,S001,2.8484218217120985,64.05816646212345,16.697777110450694,1,0,leak,augmented
,S003,1.3249178690414325,281.97075985324193,14.740650446851543,0,1,burst,augmented
2024-01-01 23:05:00,S009,2.7557169072608763,111.42167795078058,16.340336700942842,0,0,normal,real
2024-01-04 01:25:00,S007,2.813646046884421,69.55296950648983,13.053023108303446,0,0,normal,real
,S005,1.6642866953991207,206.58264442270087,16.167643110698815,0,1,burst,augmented
,S004,1.0930459293141177,192.0160136943984,19.026941905148167,0,1,burst,augmented
,S005,2.204117994749708,152.67703225288165,18.424667624281334,1,0,leak,augmented
,S009,1.5072478985430886,105.16600210417992,14.402656327603847,0,1,burst,augmented
,S005,2.642990180957154,197.387397338891,14.525965574862601,1,0,leak,augmented
,S010,2.0768712335825272,178.29872641334174,13.859210686172844,1,0,leak,augmented
,S008,1.8963070681680183,190.31555331825342,10.63032719619257,1,0,leak,augmented
,S004,1.9424966796730747,185.45146230626273,22.86517588870364,1,0,leak,augmented
2024-01-01 23:30:00,S002,3.905436734546594,133.07033610685644,14.582864659870353,0,0,normal,real
2024-01-01 14:50:00,S008,3.309236938563006,168.60847472584453,14.781287543981048,0,0,normal,real
,S009,2.2918073561461694,67.37437690320776,16.947198674596844,1,0,leak,augmented
,S010,1.6850895011414644,231.8298971168353,13.379010926981028,0,1,burst,augmented
,S001,1.2471387317202405,108.14397898050726,14.253812199063272,0,1,burst,augmented
2024-01-01 08:55:00,S008,3.226784477786532,142.73821572954438,15.533704593546586,0,0,normal,real
,S010,0.5,118.7491148476158,18.431992933111694,0,1,burst,augmented
,S004,1.5363268844851574,64.12182447374472,18.955502172226243,0,1,burst,augmented
2024-01-02 10:20:00,S004,2.6489533041305395,81.32961060586099,23.88455995038004,0,0,normal,real
,S001,2.4192344260032796,94.41996192201998,18.913837796739095,1,0,leak,augmented
2024-01-02 07:05:00,S002,3.476152821338121,181.13400862075272,10.00282599334873,0,0,normal,real
2024-01-03 05:05:00,S010,3.5756808527082904,178.41987485206153,15.351530674349087,0,0,normal,real
,S007,2.44918524269743,161.08950475799398,22.862084282791365,1,0,leak,augmented
2024-01-02 11:25:00,S009,3.0434021306478867,158.85746948299237,23.416788352363483,0,0,normal,real
2024-01-01 07:50:00,S008,2.533277113045453,124.72477799688394,17.143160451835215,0,0,normal,real
2024-01-03 07:50:00,S009,3.695816608868144,158.6348821417924,20.35608582866608,0,0,normal,real
,S002,1.7670453114796962,199.9414179371012,23.017125827729657,0,1,burst,augmented
2024-01-02 09:00:00,S010,3.932590767227484,173.17974238253396,10.023476577872094,0,0,normal,real
,S010,2.1987904200560817,179.44315746464827,12.375403694889895,1,0,leak,augmented
2024-01-03 15:45:00,S005,3.35108641623411,169.4365414184581,21.02537779284735,0,0,normal,real
,S005,2.2343932027280293,170.80802031503637,17.051174353805983,1,0,leak,augmented
,S010,2.087753861801356,99.41690417116519,20.794254949571215,1,0,leak,augmented
2024-01-03 04:25:00,S001,3.480075247718021,78.84648440504412,14.43481812418728,0,0,normal,real
,S004,1.5090186688302318,209.90621887951204,21.951789094873885,0,1,burst,augmented
,S002,1.3608905174332067,76.81148682970924,15.46131053227885,0,1,burst,augmented
,S003,1.3747896999107745,158.47954353741434,13.711720147383357,0,1,burst,augmented
,S005,1.2577967688885023,64.29541545628908,12.83790855600099,1,0,leak,augmented
,S002,1.9340718469545701,263.11261487020096,18.32504108345999,1,0,leak,augmented
2024-01-02 04:15:00,S009,2.510543805720429,58.5920376616435,13.378355534027346,0,0,normal,real
2024-01-04 08:20:00,S005,3.839670611983709,153.41257008069869,14.256969145623238,0,0,normal,real
2024-01-01 18:40:00,S010,3.157910824734308,158.72398398110874,18.899179724652683,0,0,normal,real
2024-01-03 04:45:00,S002,3.892945843173091,59.2712691033834,11.385407921670678,0,0,normal,real
2024-01-04 06:50:00,S010,3.4322780860510727,82.97929345534652,16.672590390107942,0,0,normal,real
,S010,1.542511808349805,196.48467112673214,20.184288522756816,0,1,burst,augmented
2024-01-01 12:40:00,S003,3.4791191617778123,85.72741715700897,11.491620891390175,0,0,normal,real
,S007,1.5004095974633613,195.9863121633608,12.630080654048811,0,1,burst,augmented
,S006,1.016998272261934,283.73796951407826,22.8543842966711,0,1,burst,augmented
,S009,1.2643556316899114,262.05019074471255,17.63674634573283,0,1,burst,augmented
2024-01-03 09:25:00,S007,3.901649558130162,153.36314806223444,22.34909819020045,0,0,normal,real
,S001,1.045361192212609,184.72896001229051,16.633175170012198,0,1,burst,augmented
,S004,1.2185598470311818,248.2166025734315,23.624331781384484,0,1,burst,augmented
,S001,2.4375069338148707,86.26119986095267,21.387640655799075,1,0,leak,augmented
,S002,1.0414283863554812,320.0,21.156697686790253,0,1,burst,augmented
,S002,0.5477301276094048,101.444534508235,20.185727372931396,0,1,burst,augmented
,S009,1.5350929083541822,178.99209095493737,16.641549965905497,0,1,burst,augmented
2024-01-02 03:40:00,S001,3.1510290492608126,63.29006445194258,13.309179290668167,0,0,normal,real
,S009,2.4074034915532954,162.46549718784738,14.266415662325645,1,0,leak,augmented
,S004,1.383749565676685,219.14780768814285,12.83522789121984,0,1,burst,augmented
,S002,1.3749871251780457,278.0559979387926,15.007090577707046,0,1,burst,augmented
2024-01-01 23:50:00,S005,2.53434073746418,73.06867245020466,13.35421651744467,0,0,normal,real
2024-01-03 05:40:00,S005,3.195972547250331,67.80636432636672,24.708523405910853,0,0,normal,real
2024-01-04 03:30:00,S008,3.896497929568876,57.57610885742098,18.209571161720262,0,0,normal,real
,S002,1.2520796291825291,279.8992922289367,17.39066203435594,0,1,burst,augmented
2024-01-04 07:50:00,S009,3.815680701493432,86.47699703963389,18.258559518120464,0,0,normal,real
,S006,0.9042507236953254,300.6149067518236,21.661095568255128,0,1,burst,augmented
2024-01-03 00:45:00,S005,3.4496089802492698,120.39278409886856,16.645890434956314,0,0,normal,real
,S001,2.250932647209342,40.26381295668067,22.17242359263632,1,0,leak,augmented
,S008,2.565768302020737,129.14386739554652,15.945697156987901,1,0,leak,augmented
,S004,2.288586706762558,262.91203688905915,18.660120382717935,1,0,leak,augmented
2024-01-03 21:30:00,S005,3.773385804214109,109.59072092606895,13.683259389167366,0,0,normal,real
2024-01-03 07:40:00,S007,3.1894762294893586,114.64758528812332,14.567387991234265,0,0,normal,real
,S002,1.2191240868630948,73.9247406883811,21.53948955827699,0,1,burst,augmented
,S003,2.134268860955827,96.54321162819566,23.784004633095755,1,0,leak,augmented
,S002,1.0615199255235197,107.01518218383274,15.44541602928338,0,1,burst,augmented
,S009,2.484467919173127,89.19497129228833,8.667998758330816,1,0,leak,augmented
,S006,1.2783286625521937,251.28643428846453,20.794451693111128,0,1,burst,augmented
2024-01-02 02:55:00,S002,3.033076853028609,167.5687676728096,18.31339771198025,0,0,normal,real
,S006,1.3321610768407155,271.3983024400054,17.668833162709163,0,1,burst,augmented
2024-01-03 06:25:00,S007,3.2973582290300967,54.898859117674384,17.133942877330124,0,0,normal,real
,S001,0.9843656187098656,143.50725196154204,13.378679267985333,0,1,burst,augmented
2024-01-03 17:20:00,S008,3.737817056889447,169.2587026409197,14.855962384156356,0,0,normal,real
,S008,2.4580179955898047,257.9943440691398,20.13322236823154,1,0,leak,augmented
,S006,0.7085525837404186,269.3738012370201,25.56800561086692,0,1,burst,augmented
,S004,2.3120688393803035,8.133239188858909,20.356175519831233,1,0,leak,augmented
2024-01-01 05:55:00,S010,3.447755818254699,117.26682829674796,14.398161575470969,0,0,normal,real
,S008,2.204581031346089,87.22000668918616,18.86720528552228,1,0,leak,augmented
2024-01-02 01:35:00,S005,3.081392847224154,119.29204050064337,24.87382613305411,0,0,normal,real
2024-01-01 20:45:00,S005,3.5004572754863608,136.5777855067622,15.228605008629556,0,0,normal,real
,S006,2.6690171963084017,55.11042996058998,15.15746816356352,1,0,leak,augmented
,S007,1.994833895058136,122.63884966513426,20.87337915708532,1,0,leak,augmented
2024-01-03 10:10:00,S001,3.5092707002328174,158.63817912486996,17.38898507832721,0,0,normal,real
,S006,1.9050637270973394,206.31253431383513,19.632753202562824,0,1,burst,augmented
2024-01-01 09:05:00,S002,3.1711185502351817,129.89258996825347,13.637057554520943,0,0,normal,real
,S010,1.5446914606043216,100.02944740373408,20.50836527502851,1,0,leak,augmented
,S002,1.6682593800481904,149.85216512586834,17.550254674244048,1,0,leak,augmented
,S001,2.2729194067717144,251.28343220037266,22.022022077234045,1,0,leak,augmented
2024-01-03 15:10:00,S007,2.908975970968727,159.7343179341701,15.58180322862548,0,0,normal,real
,S006,2.5418432970340135,157.67515112844748,11.685938967755952,1,0,leak,augmented
,S001,2.967845915735584,161.6696515059546,10.510574029945591,1,0,leak,augmented
,S001,1.0659871430843808,146.03750416587204,14.843511160035785,0,1,burst,augmented
,S003,2.424272502217039,146.32933731677358,18.827055345437195,1,0,leak,augmented
,S006,2.7639472079844043,127.4649761576536,22.99449246474716,1,0,leak,augmented
2024-01-03 02:35:00,S007,3.7601621176588,198.4176696447585,23.342789665656447,0,0,normal,real
,S001,1.3624771859330214,103.15779431869204,16.694654874252628,0,1,burst,augmented
,S010,1.628584239641758,275.87098862977496,16.603720714428654,0,1,burst,augmented
2024-01-03 23:30:00,S002,3.069606107232473,142.579134067545,24.54728296950677,0,0,normal,real
,S003,1.5488245255208262,122.98770645412658,21.93063707368821,0,1,burst,augmented
2024-01-02 21:15:00,S007,3.929222525503759,99.01138130450612,15.316374231895823,0,0,normal,real
,S008,1.8772636803243763,238.4086907730297,23.309461817060658,0,1,burst,augmented
,S001,2.4501697518634056,149.71748272580865,14.698023329878307,1,0,leak,augmented
,S009,2.4432746790657203,79.16053551894977,8.735918536140415,1,0,leak,augmented
,S003,1.6709062204851364,296.00746697190215,17.94801950359311,0,1,burst,augmented
2024-01-02 22:10:00,S007,2.714262947221498,153.81104705365533,13.09378170754229,0,0,normal,real
2024-01-01 21:45:00,S004,3.5764536788629444,109.98578102062342,24.650878579938684,0,0,normal,real
2024-01-04 10:25:00,S004,3.873721522286116,125.43132800983771,21.92665423790087,0,0,normal,real
,S009,1.2596096631626965,161.9816095089105,17.417139185257593,0,1,burst,augmented
2024-01-01 06:25:00,S003,3.6657203738911552,133.76063746037076,16.363330138704644,0,0,normal,real
2024-01-04 04:30:00,S007,3.266640732208597,116.82767217397418,24.50452771927473,0,0,normal,real
,S008,2.113808227628745,150.93153749391433,12.360140480884567,1,0,leak,augmented
,S009,2.1787667704101428,75.98958853595286,19.554559593408804,1,0,leak,augmented
,S004,2.4635181091268965,320.0,21.832594104244656,1,0,leak,augmented
,S002,1.0444421579597076,260.58977945696745,12.748526418373139,0,1,burst,augmented
,S001,1.369275111744558,171.57909362710942,27.0,0,1,burst,augmented
,S003,2.410504600641197,111.03637335708187,24.47975257925815,1,0,leak,augmented
2024-01-03 19:50:00,S009,2.9370416092566165,112.6092173493722,15.653003205207828,0,0,normal,real
2024-01-01 00:15:00,S009,2.936843710297063,141.77793420835692,12.092407909780627,0,0,normal,real
2024-01-02 12:55:00,S006,3.560464731183574,59.40344324327988,22.590077385340035,0,0,normal,real
,S001,1.1002300448979512,268.3199001341843,14.530768833726341,0,1,burst,augmented
2024-01-02 00:50:00,S010,2.784542272262016,142.84222895115823,14.852505923672108,0,0,normal,real
,S004,1.0984242714641934,134.220976011453,21.794556042434632,0,1,burst,augmented
2024-01-03 13:20:00,S002,3.370967838864451,190.390587237284,20.08376030941292,0,0,normal,real
2024-01-02 09:50:00,S009,3.1464778307699444,97.83002274817082,18.73298119891171,0,0,normal,real
,S005,1.092491744551776,241.2483853648884,15.401069755333758,0,1,burst,augmented
,S002,1.5142862511133435,190.68277131052352,12.54722868369629,0,1,burst,augmented
,S007,2.975528594553131,81.15523706239803,16.400134713644043,1,0,leak,augmented
2024-01-02 01:15:00,S001,3.761307369138884,55.76395234434875,23.52642988203135,0,0,normal,real
2024-01-04 10:55:00,S007,2.9498114026660973,55.160481268018735,19.52394595176616,0,0,normal,real
,S009,2.5339817218760086,105.76176763317025,17.28353876738096,1,0,leak,augmented
,S007,2.483081889045752,153.62595259140002,20.038565891920374,1,0,leak,augmented
,S002,1.3115255737335096,160.5162523851803,26.473102527415207,1,0,leak,augmented
2024-01-02 23:50:00,S004,3.19228439138291,197.4958485227701,21.80062511060964,0,0,normal,real
2024-01-03 15:05:00,S009,3.446076166737894,160.95243466446624,19.18413648540809,0,0,normal,real
,S004,1.283461481404038,163.58439108198365,10.20352727569392,0,1,burst,augmented
,S004,1.7863357893030902,168.8732841730774,19.512614715662536,0,1,burst,augmented
,S001,1.8241588053221975,118.04864270530962,18.700156806456945,1,0,leak,augmented
,S004,2.2641138849612306,140.09463148898118,18.54873692330532,1,0,leak,augmented
2024-01-03 01:05:00,S008,3.557708718355845,118.27579876004846,20.016408874047293,0,0,normal,real
,S010,1.020292160605261,50.598235017376396,16.183986403122134,0,1,burst,augmented
,S006,2.1747556283426364,136.68962059662695,22.332400822988895,1,0,leak,augmented
,S005,3.1841566972003843,250.56271006982035,23.089172747553555,1,0,leak,augmented
2024-01-04 00:45:00,S006,2.75463880208924,64.34610440355739,16.287042616630824,0,0,normal,real
,S004,1.8815578219948779,209.99504520982765,19.105552644048135,0,1,burst,augmented
2024-01-02 14:25:00,S010,2.8348950782577944,146.27899382830333,18.559744358214022,0,0,normal,real
2024-01-01 14:55:00,S010,2.119772670840176,132.53736056645448,16.929142758633816,1,0,leak,real
2024-01-02 07:25:00,S007,3.4320167458802944,133.87772102439897,19.42357165694922,0,0,normal,real
2024-01-03 05:55:00,S009,2.5476677265359866,167.30761538956375,13.601061107313498,0,0,normal,real
,S006,1.539808752661422,106.78932699424057,15.790817448629948,0,1,burst,augmented
,S006,1.0897231909240066,183.62688435449766,17.837329689892606,0,1,burst,augmented
2024-01-01 09:50:00,S005,2.780565622836285,98.55188546063656,16.38154657924625,0,0,normal,real
,S009,1.6085497265590702,320.0,14.290406746344177,0,1,burst,augmented
2024-01-01 09:35:00,S008,3.845148136939638,62.03506184924633,17.86767084355382,0,0,normal,real
,S009,1.4072150301776893,320.0,22.891509626560673,0,1,burst,augmented
,S006,2.8758602757971716,219.18523255256366,22.31051306252689,1,0,leak,augmented
2024-01-01 15:00:00,S003,2.6050445586212065,51.42281504427472,10.790257539658429,0,0,normal,real
2024-01-04 11:10:00,S002,3.01789682808558,75.91351343693148,19.32971185140812,0,0,normal,real
,S003,1.8684362593771677,199.55315661774472,12.768954756377699,1,0,leak,augmented
,S003,1.0071189339792925,242.1011513834672,19.50223240770865,0,1,burst,augmented
2024-01-02 21:10:00,S005,3.613796249260632,61.49537097128732,23.08953703820253,0,0,normal,real
2024-01-02 21:20:00,S001,2.9779134441454107,185.5337665148796,11.16461163983172,0,0,normal,real
,S005,1.3215022327876413,204.06287718611392,22.781956654986786,0,1,burst,augmented
,S010,1.330091649919333,320.0,18.963763898796188,0,1,burst,augmented
2024-01-03 14:00:00,S007,3.162750557202932,74.50501375976303,12.76688576589825,0,0,normal,real
2024-01-01 21:50:00,S007,3.521676780947474,77.21575215434405,17.877450755005903,0,0,normal,real
,S003,1.2203443812418358,193.48765400512627,21.907872977217057,0,1,burst,augmented
2024-01-02 05:55:00,S003,3.8457795114469286,75.32813100165292,17.605766557981617,0,0,normal,real
,S007,1.0289066694940407,258.4302633013709,11.331211789493011,0,1,burst,augmented
,S003,1.3939347345501953,80.85321319068747,12.069055268712503,0,1,burst,augmented
2024-01-04 09:20:00,S006,3.0035236009642627,136.18732963278194,17.721763523997016,0,0,normal,real
,S010,1.99512349419469,191.61304834631278,21.64653519475192,1,0,leak,augmented
,S006,1.4784458876035993,126.79276082641795,17.987342509311183,0,1,burst,augmented
,S007,1.1868454201029042,134.15516714735858,17.170024928248942,0,1,burst,augmented
,S009,1.5099232557447966,212.8338367435701,18.643919066908104,0,1,burst,augmented
,S003,1.3590270965094855,40.07695141272691,14.216532768999087,0,1,burst,augmented
,S009,0.7909352560719525,81.2044219219967,17.88091459765488,0,1,burst,augmented
,S010,1.699148737481126,186.81719427176887,23.188649752649653,0,1,burst,augmented
,S005,1.5131657172882378,139.90667120916123,22.720567009967816,0,1,burst,augmented
,S010,1.5406863960475041,97.1529493387519,20.964065487096043,0,1,burst,augmented
,S010,0.8545821962414014,90.45209849668997,13.938234182113598,0,1,burst,augmented
,S009,0.9309761390480907,187.88673256749792,18.267383409274732,0,1,burst,augmented
2024-01-02 01:50:00,S009,3.963986274398189,150.10255970696426,10.156415490961043,0,0,normal,real
,S009,0.9654713546801876,102.36375417265357,15.522251936353044,0,1,burst,augmented
,S009,1.3985319741517819,154.5136692127094,15.112199233021064,0,1,burst,augmented
,S007,1.7953012800107317,223.79826279382337,17.880028699508873,1,0,leak,augmented
,S009,2.132239146895076,65.43380412890136,11.264533693977437,1,0,leak,augmented
,S002,2.0932967277153707,77.8308262735837,13.817326976553481,1,0,leak,augmented
2024-01-02 23:55:00,S001,3.148519339605021,54.67236391900866,13.89364673912574,0,0,normal,real
,S008,1.8146835538884034,188.14945492435805,12.862581631251418,1,0,leak,augmented
,S002,1.703423122886024,136.63340531641956,14.85669612891549,1,0,leak,augmented
,S007,1.5163418369857797,252.96183466243104,18.89929495878438,0,1,burst,augmented
,S006,1.5807417517617308,224.32930451318677,17.791276991997165,0,1,burst,augmented
2024-01-03 10:05:00,S010,2.5205236221410217,62.23980800072576,13.87887386702176,0,0,normal,real
,S006,2.940433382046587,135.68929124084715,9.009035373047562,1,0,leak,augmented
,S009,1.1281520861848164,131.034577312034,23.339132415279092,0,1,burst,augmented
2024-01-02 13:45:00,S002,3.092101530767242,189.62109459747347,11.885864034883394,0,0,normal,real
,S010,2.0432588204466193,97.26237954391466,13.32104434975703,1,0,leak,augmented
,S008,1.5394509489999213,238.2443923053387,20.16999149470589,0,1,burst,augmented
,S002,2.3976462451074676,198.29296611579636,20.24172684131345,1,0,leak,augmented
,S009,2.2649066113138554,132.5590402881407,8.820658084144693,1,0,leak,augmented
,S002,1.3678421098491649,97.57378489267656,20.421844042813365,0,1,burst,augmented
2024-01-03 21:10:00,S009,3.2891237776261044,163.8966282725308,20.689984284798165,0,0,normal,real
,S007,1.9887112915833605,98.92389312554829,18.968832585643835,1,0,leak,augmented
,S009,1.3717313640173512,90.42193806558423,8.0,0,1,burst,augmented
,S003,1.959020261683868,122.58742785141573,15.375103713831265,1,0,leak,augmented
,S007,1.2368512579371373,210.65295562628503,20.517837227725483,0,1,burst,augmented
,S008,1.0155320446495542,116.97125381712364,17.49826324361156,0,1,burst,augmented
,S008,1.35505409065664,202.7355594505372,19.652672785750106,0,1,burst,augmented
,S005,2.7678078416977954,97.56238602563741,19.545857740449872,1,0,leak,augmented
,S001,1.2785531951444213,239.52654954181048,12.750824747030318,0,1,burst,augmented
,S005,2.436331184562086,104.55686232088306,15.302788432920778,1,0,leak,augmented
2024-01-03 17:25:00,S003,3.934437822270042,106.50146606441936,15.088609917607544,0,0,normal,real
2024-01-03 06:45:00,S001,3.8488905383870335,194.3392169913735,16.661728697444985,0,0,normal,real
,S002,2.9327196623707876,82.36112078592993,14.127936902501375,1,0,leak,augmented
,S001,1.080126840386371,265.72317841488643,19.172054781085844,0,1,burst,augmented
,S006,2.0084749843270746,204.29415319700684,12.876593966466777,1,0,leak,augmented
,S006,0.712385705828649,219.0021963468018,26.346659994305945,0,1,burst,augmented
,S005,1.9816037797992125,180.32305101820435,18.281557768761257,1,0,leak,augmented
2024-01-03 22:40:00,S004,2.5806729462660667,53.31287679517696,15.36941791799147,0,0,normal,real
2024-01-02 05:40:00,S009,3.096072085727975,64.01119579629434,16.616082373761756,0,0,normal,real
2024-01-03 09:30:00,S010,3.285400820728918,88.03761754945538,17.064250881587718,0,0,normal,real
,S005,2.463970599099247,130.09595202586237,20.079333918222574,1,0,leak,augmented
,S001,1.0437703324141403,91.55591554891681,21.707019286762232,0,1,burst,augmented
,S003,1.5435398380916152,202.125090470743,19.728097811158083,0,1,burst,augmented
2024-01-03 01:35:00,S005,3.700110148115302,182.68749393817816,11.878308392752473,0,0,normal,real
,S001,2.151397256286687,79.90933284677541,9.656075824493165,1,0,leak,augmented
,S005,1.11775073918722,126.53241971808933,12.869104902381716,1,0,leak,augmented
,S003,1.7915114964843881,175.8781705282274,15.412340464603743,0,1,burst,augmented
,S009,1.3389680622119586,61.78229797647333,20.721902857827654,0,1,burst,augmented
2024-01-02 05:05:00,S001,3.3153073260139694,62.25880186201674,16.874509622929846,0,0,normal,real
,S008,2.5776138637097428,65.07559160394224,19.536898967255198,1,0,leak,augmented
2024-01-01 09:30:00,S009,2.855840187603992,65.26737089306056,12.29288708776498,0,0,normal,real
,S009,1.2546041398670522,320.0,18.009708198947465,0,1,burst,augmented
2024-01-03 13:25:00,S006,3.426897339769447,101.2770928247138,23.10812433281528,0,0,normal,real
,S008,2.7042336652733865,296.35232146762564,14.766568431073601,1,0,leak,augmented
2024-01-02 20:00:00,S009,3.157577470046142,199.4393429787316,13.437579268212431,0,0,normal,real
,S004,2.645607252533295,233.88372339570768,16.05138022251079,1,0,leak,augmented
2024-01-01 05:20:00,S003,3.42738082650684,100.48313223330896,19.835839530711134,0,0,normal,real
2024-01-01 12:15:00,S008,3.3811804063511115,94.10670188314572,20.710887996847426,0,0,normal,real
,S008,2.267863168912945,115.8723911112845,27.0,1,0,leak,augmented
,S002,1.064172791659527,276.83707790529485,16.046014172299028,0,1,burst,augmented
2024-01-04 10:40:00,S003,3.731273513894693,92.22159536763792,11.05103043581784,0,0,normal,real
2024-01-04 00:20:00,S004,3.1374302785936456,107.43247209262752,20.786134307662177,0,0,normal,real
,S010,1.7273411354014143,188.24139472128147,20.85444988206583,0,1,burst,augmented
,S010,2.601493989728886,217.28052728389335,22.97056392654475,1,0,leak,augmented
2024-01-02 15:10:00,S008,2.7014122763534134,193.6901181585156,17.9448958591843,0,0,normal,real
,S010,1.6215538558036806,299.27234642982165,16.453035309780027,0,1,burst,augmented
,S002,1.484396971752791,103.38194192231403,17.87066408059846,0,1,burst,augmented
,S009,1.9815213276673824,187.58451943200174,14.970739723944353,0,1,burst,augmented
,S010,2.507647518853271,185.00381714982507,27.0,1,0,leak,augmented
,S004,0.8454606685890769,220.70440749494304,25.563775802204656,0,1,burst,augmented
2024-01-04 06:10:00,S007,2.7612350385930946,132.03217606811495,20.716895258286726,0,0,normal,real
2024-01-03 16:25:00,S009,2.622362388417049,63.16823555872399,12.577441905364877,0,0,normal,real
2024-01-03 08:25:00,S001,2.832672967288478,97.63318698042526,13.890826011147944,0,0,normal,real
,S006,0.6812809740377773,84.25051940594446,13.972271517931983,0,1,burst,augmented
2024-01-02 15:20:00,S003,2.748624669730234,116.83124581128364,13.137781981118916,0,0,normal,real
,S010,3.189098227574981,133.63288379589048,12.441002346731203,1,0,leak,augmented
2024-01-01 18:05:00,S001,2.6541886067389986,135.63567527662462,10.2755145541081,0,0,normal,real
2024-01-02 10:55:00,S003,3.673582494190131,160.18668846821197,14.507340784006486,0,0,normal,real
,S009,1.6769473330493332,179.61067820261493,8.0,1,0,leak,augmented
,S004,1.3689978243948262,126.10659036140171,17.942376965657676,0,1,burst,augmented
,S001,1.2323478299894497,185.65433274420573,14.7790855761388,0,1,burst,augmented
2024-01-01 01:05:00,S005,3.889451317770024,147.66155382529166,23.724395133156712,0,0,normal,real
,S008,1.4237487887996174,112.3666131379334,20.683614488275342,1,0,leak,augmented
,S006,1.7185254343073453,159.1419615151117,16.64558726980505,0,1,burst,augmented
2024-01-04 06:40:00,S002,2.830491090156374,65.48249733184994,18.77552753077993,0,0,normal,real
,S006,1.6461661083354178,190.7205049097361,11.362478074483153,0,1,burst,augmented
,S003,2.523928908196573,70.45310388948575,21.03805126635079,1,0,leak,augmented
,S003,1.8784735368392607,206.9189597245227,19.61408505829992,0,1,burst,augmented
2024-01-03 13:10:00,S004,3.675204340073901,91.56038745700994,24.113202543388063,0,0,normal,real
,S008,1.3801807384161424,115.33587563609068,15.516304125094662,0,1,burst,augmented
2024-01-03 02:15:00,S008,2.6241052534272846,122.68069926200162,14.536292669178046,0,0,normal,real
,S003,1.9754124744188308,113.18703265133942,19.46090699479383,1,0,leak,augmented
,S001,1.420366787561063,237.77471702417313,11.815086609475578,0,1,burst,augmented
2024-01-04 09:40:00,S003,3.7485865625528616,198.74365144418425,12.454243062074145,0,0,normal,real
,S003,2.1664061545996263,143.1768092459909,13.429971076060827,1,0,leak,augmented
,S006,2.6179067480634206,92.59508060245467,13.667170516713176,1,0,leak,augmented
2024-01-01 22:55:00,S003,1.6449399536889089,175.48777907379565,14.995028695872968,0,1,burst,real
2024-01-01 08:25:00,S003,3.305895125071105,119.0178738475358,18.771491589237307,0,0,normal,real
,S009,3.1858389043325492,156.7438732663935,16.58759283292268,1,0,leak,augmented
,S002,2.433772444656972,125.11391012908092,10.324199067951135,1,0,leak,augmented
,S002,2.153780404405377,193.47707249877095,25.669380941323155,1,0,leak,augmented
,S009,2.0221379087390936,160.24496343671873,18.591014177887583,1,0,leak,augmented
2024-01-02 07:35:00,S001,3.2031519481967585,95.18978911400006,18.975362264466384,0,0,normal,real
2024-01-01 19:25:00,S007,3.448810799839459,105.92729557834016,17.689228078087076,0,0,normal,real
2024-01-01 03:05:00,S005,2.768234063831993,104.970317687429,21.16255784584844,0,0,normal,real
2024-01-02 14:40:00,S002,3.4049377085724144,121.01013222423688,10.89574733456334,0,0,normal,real
,S002,2.5461762694148597,133.85942348693027,20.933278741199736,1,0,leak,augmented
2024-01-02 22:00:00,S010,3.117797110626244,163.03919461186294,13.055007066590273,0,0,normal,real
2024-01-02 14:00:00,S005,3.866603054151075,175.73980393185573,20.640744506310863,0,0,normal,real
,S010,1.1062241339992225,226.9180628502785,19.2430956365469,0,1,burst,augmented
,S008,1.2484071872059659,115.98838633116279,18.100264341019404,0,1,burst,augmented
,S006,2.3242872888621493,71.9308554603521,12.073679412832949,1,0,leak,augmented
2024-01-01 17:20:00,S005,3.864286766421728,178.6040138138748,24.467807084053128,0,0,normal,real
2024-01-02 07:50:00,S003,2.9016650132325013,168.3741269883097,18.600240184528268,0,0,normal,real
2024-01-03 03:15:00,S005,2.76268471019553,150.91469216187,13.307563951534709,0,0,normal,real
,S006,1.0231405477072086,29.569489367626147,19.86042225643542,0,1,burst,augmented
,S006,2.0290934086786723,60.347865562774075,18.485080922255218,1,0,leak,augmented
,S004,1.486527976926653,73.49993848409369,12.281477055430083,1,0,leak,augmented
,S006,0.8275669741599541,215.16015934324142,19.296373062350444,0,1,burst,augmented
,S003,1.4537580759969773,116.95970660842406,18.40388812203964,0,1,burst,augmented
2024-01-01 03:55:00,S004,3.6974427684501614,147.49458961666477,20.529503158865552,0,0,normal,real
2024-01-04 05:45:00,S006,3.530851515191024,96.92512962863302,10.91358314852774,0,0,normal,real
,S009,1.0938879035762563,218.96435977833556,17.154594033671497,0,1,burst,augmented
2024-01-03 20:45:00,S009,3.5589343548700105,125.55329139923585,22.437259604262096,0,0,normal,real
2024-01-01 15:20:00,S001,3.087445210810534,68.66563359452846,24.346235463391373,0,0,normal,real
,S002,2.219687559337533,118.15016831201972,15.513863308140193,1,0,leak,augmented
,S005,1.3568617595851338,232.22990951150604,18.823952888583708,1,0,leak,augmented
,S002,1.7561079721404518,238.79534677461442,14.001059142443005,1,0,leak,augmented
,S007,2.572129548461159,127.01308056702544,22.770587245940373,1,0,leak,augmented
,S005,2.9299802735492166,154.390009528532,19.215603260145986,1,0,leak,augmented
2024-01-02 21:30:00,S009,2.5198765502558658,94.39143332879848,16.887838505988427,0,0,normal,real
2024-01-01 06:50:00,S009,3.2846467662552232,144.40979572028937,20.436230334769256,0,0,normal,real
,S001,2.3394668848202267,147.09314023406543,20.05443952370119,1,0,leak,augmented
2024-01-01 13:45:00,S003,2.868023664521981,108.39434210629648,14.330406051560498,0,0,normal,real
,S008,2.6515017937851235,107.48083921560487,19.858647128047835,1,0,leak,augmented
,S007,1.0141581948235951,272.7013522331731,19.190192138513833,0,1,burst,augmented
,S005,1.4625144873061102,162.62079786991842,17.202280656910197,0,1,burst,augmented
2024-01-02 12:10:00,S002,2.5091331223597586,65.14117999662822,23.03416378418717,0,0,normal,real
2024-01-01 20:05:00,S002,2.68445621279444,84.669636864147,10.775452558622904,0,0,normal,real
,S004,1.6673931106982627,184.72116932171176,16.737783627991707,0,1,burst,augmented
,S003,1.5503066198358149,153.11053581565125,23.040611862069618,1,0,leak,augmented
2024-01-01 12:00:00,S006,2.8301458211216457,81.90211765118394,17.72760523610219,0,0,normal,real
,S010,1.4962414424153851,91.62723008420333,23.986903673391183,0,1,burst,augmented
2024-01-01 01:20:00,S007,2.560650384307647,156.5994334528681,11.663362312177467,0,0,normal,real
,S005,1.9162357398506156,159.93235513705227,23.89654313359291,1,0,leak,augmented
,S001,1.4671259357303186,216.91113310850454,17.608215498062183,0,1,burst,augmented
,S010,2.2513867017700098,182.74832682423542,12.95333844745331,1,0,leak,augmented
,S001,2.246259098210259,182.52452526639252,10.439151093109338,1,0,leak,augmented
,S009,0.5,206.12674209372196,17.41190804476352,0,1,burst,augmented
,S002,2.743321154770539,206.65598166333785,18.888307758328754,1,0,leak,augmented
,S005,1.2396045237318654,303.1287596201179,17.137074552776674,0,1,burst,augmented
,S002,1.3604205233411957,78.78568764408985,16.669504672559263,0,1,burst,augmented
,S007,2.297528237069095,55.85105431312343,19.08560997534013,1,0,leak,augmented
2024-01-01 16:25:00,S010,3.1982050131549755,181.8607220342197,10.077177561320722,0,0,normal,real
,S005,1.4466135627772423,200.61095679632905,22.315550377577658,0,1,burst,augmented
,S009,0.8156299640279094,137.8481379006169,17.80531755596474,0,1,burst,augmented
,S009,1.0570000315010308,156.07107809383493,12.486669834950558,0,1,burst,augmented
,S001,1.2627154744360556,60.99537042012936,20.47288765602344,0,1,burst,augmented
,S009,1.3449973762075536,306.1230293720009,19.41808478902408,0,1,burst,augmented
,S005,1.1270610710583815,131.07064705498206,16.653966402011143,0,1,burst,augmented
,S004,3.057834988802574,141.31728966578814,18.65443380266409,1,0,leak,augmented
,S005,1.172281409771097,150.37279495658353,21.500282098618037,0,1,burst,augmented
,S007,2.189260226748833,233.68406398333116,14.25544630876993,1,0,leak,augmented
2024-01-02 18:45:00,S002,3.1491503193988937,152.81658248328523,14.98684235723068,0,0,normal,real
,S010,3.0374570090913298,211.84968074484743,19.38631820202344,1,0,leak,augmented
2024-01-01 04:40:00,S005,3.4175811193515284,112.94000936416847,13.715964842517362,0,0,normal,real
,S003,2.1090256369360425,204.6995605487777,13.69120664195192,1,0,leak,augmented
,S005,3.3848222548890305,255.8942946759724,14.310992537726777,1,0,leak,augmented
2024-01-02 20:15:00,S003,2.823016572073829,139.56436552800795,18.922048220166843,0,0,normal,real
,S009,2.451071281627572,93.48197069862178,15.111156132480662,1,0,leak,augmented
,S002,2.3083343346167084,166.52871517875974,21.03298207352197,1,0,leak,augmented
,S008,1.030855939347029,173.2025341446655,15.552038391576973,0,1,burst,augmented
2024-01-04 08:50:00,S010,3.638465247781046,125.09292985008965,23.676776685726573,0,0,normal,real
,S002,2.058334859437434,14.393940262455715,20.904622691962842,1,0,leak,augmented
2024-01-04 06:35:00,S006,2.627902512417516,179.92755633035443,17.487796763999956,0,0,normal,real
,S003,1.1564467184340095,162.79813838459827,20.115696987178353,0,1,burst,augmented
,S006,2.1716645379387596,145.76613037450159,14.311872534666591,1,0,leak,augmented
,S002,1.3136281222982271,156.67036802825706,14.504841545794157,0,1,burst,augmented
,S007,2.055926754628402,230.2155320224075,19.15172327432139,1,0,leak,augmented
,S009,2.3207986501239315,162.38234524508104,15.34170327260541,1,0,leak,augmented
,S010,3.0713751517721484,167.52374386569028,22.325384124069323,1,0,leak,augmented
,S001,1.704731245524912,31.72389680945014,16.921914564953713,1,0,leak,augmented
,S002,1.1076228358562725,151.3311727853019,17.990501099677452,0,1,burst,augmented
,S007,1.119078206119317,68.18071185863614,21.900964272878486,0,1,burst,augmented
,S005,2.038372973927784,109.71979426171059,20.463972834743732,1,0,leak,augmented
,S007,1.8642496595144908,160.42610921789873,11.793577565491688,1,0,leak,augmented
2024-01-03 20:35:00,S005,3.1022464158473144,168.96928069445846,13.30763180704972,0,0,normal,real
2024-01-01 02:35:00,S002,3.887040427417844,181.6009030071472,13.869124415727336,0,0,normal,real
2024-01-03 17:00:00,S007,2.6255874067680227,107.8909266405391,15.609207017186012,0,0,normal,real
,S009,2.07502142259479,213.52201953198735,20.46866652977186,1,0,leak,augmented
,S003,2.8247576400637113,238.12691529179986,25.004069853541253,1,0,leak,augmented
,S010,2.0838664928503063,121.4213739030052,15.96196678602978,1,0,leak,augmented
2024-01-03 03:05:00,S006,3.738566427341,92.85613514913356,23.90685672796674,0,0,normal,real
,S005,2.746020140220671,128.2908852570344,11.606250956838895,1,0,leak,augmented
2024-01-01 06:15:00,S009,3.732790088935534,155.93633407347443,11.220231709628496,0,0,normal,real
,S008,2.5970588157299823,91.21570115519609,22.373630793837684,1,0,leak,augmented
,S003,2.2124533498280603,140.72865885634508,17.952634249287453,1,0,leak,augmented
,S008,2.206090679810366,136.03217878634126,16.883995091567837,1,0,leak,augmented
,S010,2.066534829752613,110.90750170959488,12.805717555068302,1,0,leak,augmented
,S001,1.1158967887285862,297.0069643979731,19.632890674654906,0,1,burst,augmented
,S006,1.3605834145099862,144.71637262799868,19.910383731448803,0,1,burst,augmented
,S001,1.4572997429819714,175.25417869753892,18.753398895582116,0,1,burst,augmented
,S010,1.398363366514035,246.39987125275186,15.166588486890705,0,1,burst,augmented
,S004,0.847980602548206,145.96613917568766,9.777614349002656,0,1,burst,augmented
,S001,1.3247331549139783,262.9220627407975,13.770080695156754,0,1,burst,augmented
2024-01-01 14:35:00,S008,3.9565873677480514,191.63997336701507,17.113213249861957,0,0,normal,real
,S009,2.3329403341764814,161.308357132555,12.223103952605154,1,0,leak,augmented
2024-01-03 17:40:00,S009,2.580658467492975,150.40354763611225,13.469198924739333,0,0,normal,real
,S004,2.144503213529239,168.66526442850326,13.10303561898936,1,0,leak,augmented
,S005,2.2423014143993725,171.9014901685453,18.349332715025167,1,0,leak,augmented
,S002,1.6254875837909766,164.2805131604349,22.55729282387572,1,0,leak,augmented
,S006,1.4732023268060273,296.3657042466165,18.521172078661433,0,1,burst,augmented
,S004,1.447621700796704,79.77793261033153,20.25133471456968,0,1,burst,augmented
2024-01-03 20:25:00,S004,3.631805373853691,116.81793946014318,18.883320989971608,0,0,normal,real
2024-01-01 11:05:00,S008,2.724876141023161,84.38770928489623,20.833788525896,0,0,normal,real
2024-01-01 06:35:00,S009,3.616317485414947,152.15591406453635,13.56259706938705,0,0,normal,real
,S007,2.0155364390673407,217.84218403496214,17.394218201696,1,0,leak,augmented
,S008,1.44983752854228,184.47074667336884,8.0,0,1,burst,augmented
,S008,0.6137781293508378,288.5815504584489,21.220249539379335,0,1,burst,augmented
,S006,1.5634117872301143,123.4131055078625,24.041724317259778,0,1,burst,augmented
,S002,0.6523799393261475,124.28858052662449,21.517681394653458,0,1,burst,augmented
,S008,1.4846791784087938,174.4860126245608,18.073628087289777,1,0,leak,augmented
,S010,1.9415453929635627,173.47820537994775,22.4383172975676,1,0,leak,augmented
,S010,0.9485366128059429,182.6062380825039,21.65346953424384,0,1,burst,augmented
2024-01-02 08:10:00,S008,3.922162480257163,116.78691684271824,21.8320339585804,0,0,normal,real
,S003,0.7790832009719769,102.09995140640719,13.940189662369209,0,1,burst,augmented
,S009,3.1647860850507255,194.67594936327384,18.8249796125761,1,0,leak,augmented
,S005,2.35440804133721,146.8211510814023,24.575838242255028,1,0,leak,augmented
2024-01-01 19:40:00,S005,2.9877850963370425,166.0209688529901,11.963104910775249,0,0,normal,real
2024-01-02 01:00:00,S005,3.766535624109424,64.7123871176367,17.32361705532667,0,0,normal,real
,S007,2.55802366606174,188.10581163415446,21.576928682708285,1,0,leak,augmented
2024-01-01 13:10:00,S010,3.348664929949841,197.8050968362602,17.065981790407214,0,0,normal,real
,S006,1.838807185350582,206.46466612055053,9.597059646878904,1,0,leak,augmented
,S003,2.368027510957822,186.89957066125558,16.19076841037247,1,0,leak,augmented
,S004,1.21699908142831,182.4671636620351,21.402660984633627,1,0,leak,augmented
2024-01-03 23:15:00,S009,3.3396169920005123,178.69023709959933,20.00391171188021,0,0,normal,real
2024-01-03 23:00:00,S007,3.333245920254447,137.5878933891703,13.104904018675873,0,0,normal,real
,S003,2.2932088421961074,177.60663129000554,17.211201630569438,1,0,leak,augmented
2024-01-01 20:10:00,S005,3.900812526291858,97.42341574651256,17.608522130325888,0,0,normal,real
,S010,2.5561519917648545,174.4608796363699,18.140892158720042,1,0,leak,augmented
,S001,1.9776372571823513,225.4633009670216,18.48264162775118,1,0,leak,augmented
,S009,2.503369086725789,167.8546452376384,21.15393050605443,1,0,leak,augmented
,S005,1.7757761387301243,190.61195519257774,15.502876980134138,0,1,burst,augmented
,S010,1.8538772667283123,139.47311898211493,24.613355042971087,1,0,leak,augmented
,S006,1.3478428784862726,110.16570037980382,16.983538112362933,0,1,burst,augmented
,S002,1.1215529480447994,198.3131336176138,16.437839224518033,0,1,burst,augmented
2024-01-02 04:45:00,S010,2.178009719083582,101.45311111234344,20.962314474710947,1,0,leak,real
,S009,2.095896994899971,259.298587787373,18.135136533709602,1,0,leak,augmented
,S004,2.00219101296874,226.4493533555543,15.940225509321973,1,0,leak,augmented
2024-01-01 11:45:00,S004,3.6816848330717376,140.55822975952083,11.714009500835315,0,0,normal,real
2024-01-03 04:40:00,S008,2.3622945602677774,228.4943974398462,11.3348457228452,1,0,leak,real
,S005,2.076807543088776,218.18411474131392,15.25416621552798,1,0,leak,augmented
2024-01-04 05:50:00,S004,2.838759448335088,76.40371325617006,22.99349305401505,0,0,normal,real
,S006,1.0149778188377783,178.30808681587564,14.971710903145205,0,1,burst,augmented
,S002,1.1569488268648296,108.9868791254132,23.109712099159758,0,1,burst,augmented
,S004,1.1236807924055463,123.78051151694518,13.305741995058888,0,1,burst,augmented
,S002,3.047134937045539,89.35089178971725,16.993771470815922,1,0,leak,augmented
2024-01-01 20:00:00,S008,3.3780315465951283,180.2406920769888,13.087618150551524,0,0,normal,real
2024-01-01 16:20:00,S009,3.895135525764608,65.8751140742876,20.484861070593816,0,0,normal,real
,S002,1.3920450832432953,25.288467860760647,13.248311211103143,0,1,burst,augmented
2024-01-01 01:25:00,S007,3.213055334773168,134.49133579645755,20.43274129639191,0,0,normal,real
2024-01-03 19:05:00,S001,3.586043783159382,189.3211941031828,16.458037313695556,0,0,normal,real
,S006,2.116083691998854,203.74788377643574,19.3168501199503,1,0,leak,augmented
,S003,1.2371442011451672,289.15518907320944,22.364902363262875,0,1,burst,augmented
,S001,2.30366881584087,162.6689966841971,16.748924266379554,1,0,leak,augmented
,S009,1.8203187994884917,21.356072740199124,16.900505687758898,1,0,leak,augmented
,S008,1.4683098825114216,118.63342874931314,25.9185848452749,0,1,burst,augmented
,S003,1.4819802356700393,171.5051654118731,18.13812312904155,0,1,burst,augmented
2024-01-04 07:15:00,S001,3.2713405168989667,130.87866192704496,13.82640149248569,0,0,normal,real
,S009,1.2892982004645561,101.10306897663773,18.685972820248434,1,0,leak,augmented
,S002,1.8189324172551422,81.63473252760944,20.052187497546374,1,0,leak,augmented
,S001,2.6700770537588303,226.8678051217818,18.066183185536428,1,0,leak,augmented
,S004,1.2781472053647323,183.8431858717366,12.717687502367202,0,1,burst,augmented
,S006,1.891087904869129,189.761295735637,21.69164103072052,1,0,leak,augmented
,S006,1.84364911239543,137.9585532633225,14.783793376808786,1,0,leak,augmented
,S006,1.5182440924536895,210.82724370591262,17.565198303031735,0,1,burst,augmented
2024-01-02 03:20:00,S001,3.382303400422586,122.14593348291857,19.63488288857841,0,0,normal,real
,S009,2.324046270424638,202.61635446891003,9.458893107505135,1,0,leak,augmented
,S006,1.539763778611907,200.63697507215133,18.717269995997803,0,1,burst,augmented
,S003,1.3569135810446145,189.7341459448068,16.94799083984057,0,1,burst,augmented
,S007,3.3538507207190578,66.64311452761149,24.571694677053742,1,0,leak,augmented
,S004,2.0765914062464903,161.16303872680862,17.452174721240013,1,0,leak,augmented
2024-01-02 03:00:00,S006,3.7490207040205648,51.65474213936987,21.24318226703333,0,0,normal,real
,S002,0.9975382221997444,125.74094642198123,14.911449757835676,0,1,burst,augmented
2024-01-03 04:10:00,S010,3.516089694833309,134.86723322614944,23.93717075817531,0,0,normal,real
2024-01-02 17:30:00,S007,3.316745438655797,156.39812427089143,12.509819560015906,0,0,normal,real
,S005,1.6508039601710096,69.8885722959788,15.42605433386317,0,1,burst,augmented
2024-01-01 16:55:00,S002,3.8073052092285646,196.0233453766096,24.53316782928537,0,0,normal,real
,S009,2.3635100702865226,194.35982883641947,18.49352283099922,1,0,leak,augmented
2024-01-03 03:35:00,S007,2.5096528172451937,165.8774429119106,20.53732512382703,0,0,normal,real
,S001,1.0719114840428854,134.4177509490932,18.51561831317615,0,1,burst,augmented
2024-01-01 02:00:00,S002,3.568405884886663,72.21303949300999,24.966107275734128,0,0,normal,real
2024-01-03 10:45:00,S007,2.6894067056615976,172.01517234863962,23.863814119046737,0,0,normal,real
,S010,1.9729372831382528,176.39271337134664,20.51130874540162,1,0,leak,augmented
2024-01-03 19:30:00,S008,2.981086786689936,134.36440611768813,14.191679609783538,0,0,normal,real
,S002,0.9629849135281161,64.48007719201205,13.57118763364687,0,1,burst,augmented
,S009,2.419539849123384,174.6667796686684,10.377750883421292,1,0,leak,augmented
2024-01-01 14:40:00,S002,3.283651864106753,146.68199759387332,19.75251025664842,0,0,normal,real
,S005,1.268010689950324,137.69162587550574,18.84035054002071,0,1,burst,augmented
,S003,1.02328615336469,135.93187416315874,22.055722528152838,0,1,burst,augmented
,S009,1.3296007070547315,224.3914617137976,14.40278215137728,0,1,burst,augmented
,S001,2.6074458710802793,86.54651611384074,18.0227867464324,1,0,leak,augmented
2024-01-02 03:50:00,S006,3.9866896477319553,162.08293816130566,21.099795800284177,0,0,normal,real
2024-01-04 08:30:00,S003,3.403384453565886,98.34872367041372,21.65340622307309,0,0,normal,real
,S003,1.9329264296080801,289.90473828219285,16.872890769478857,0,1,burst,augmented
,S001,2.5104625012391275,106.50265862623384,17.33190063313624,1,0,leak,augmented
2024-01-02 04:25:00,S007,2.870468198608,185.9381870781555,13.743192997742591,0,0,normal,real
,S010,1.0002769442754094,125.34211569135982,13.826720001053973,0,1,burst,augmented
2024-01-04 08:15:00,S008,3.949838377832715,116.11085616263954,13.906046631818626,0,0,normal,real
,S005,0.8643263946985376,10.479427973109523,16.92234740193168,0,1,burst,augmented
2024-01-04 04:40:00,S004,2.6386742755556,118.68504426906073,15.917190862582864,0,0,normal,real
,S006,1.6011418211560764,66.05138650401882,13.165057082778421,0,1,burst,augmented
,S004,0.9556487138740739,145.07158529381812,13.298789660113105,0,1,burst,augmented
,S006,2.9206340565162314,152.06574039105402,20.638917087121254,1,0,leak,augmented
,S001,2.243893561217545,137.87302484976283,19.76792100298958,1,0,leak,augmented
,S007,1.2235778075519033,149.89298980717766,27.0,0,1,burst,augmented
,S008,0.9582607260552514,275.3312731598862,19.34739832653323,0,1,burst,augmented
,S002,1.6660043530011976,70.54071205400385,9.084196276923032,1,0,leak,augmented
,S007,2.130605366229561,41.61356953261564,17.319047465376624,1,0,leak,augmented
,S001,1.2682606228676399,132.31150197378696,20.42373574764011,0,1,burst,augmented
2024-01-03 23:25:00,S001,3.6878369856935937,171.73580065273222,17.23411000122315,0,0,normal,real
,S002,3.0472623854919885,225.79099707517264,19.202297128659158,1,0,leak,augmented
2024-01-02 13:35:00,S007,3.651351442776877,112.47566478558184,22.33269830224635,0,0,normal,real
,S001,2.0364471882766377,182.58143912086112,8.0,1,0,leak,augmented
,S002,2.734884130212944,152.4084714019541,21.587654999726336,1,0,leak,augmented
2024-01-03 12:40:00,S010,3.2161242842205304,140.2710100918171,18.7260497113178,0,0,normal,real
2024-01-02 18:40:00,S001,3.145810314260785,181.69767454772523,19.08257149923815,0,0,normal,real
,S007,0.7360889775831131,152.33138493200988,23.282200445582117,0,1,burst,augmented
,S007,2.607570015182944,154.7828937304396,21.430364082000118,1,0,leak,augmented
,S002,0.9463785566826897,207.36734511348288,17.320071689326806,0,1,burst,augmented
2024-01-02 05:20:00,S003,3.6794172990760496,80.20456732039617,13.879312523320582,0,0,normal,real
2024-01-03 07:10:00,S002,3.5161571068424418,114.26868557731932,20.972446960647083,0,0,normal,real
2024-01-03 13:15:00,S007,2.98852720309593,109.12040701739424,19.05001294318052,0,0,normal,real
2024-01-03 04:05:00,S008,2.7997619069229094,58.328754921372585,18.52697347761909,0,0,normal,real
,S002,2.707574988598151,40.234719587367564,16.595172969271005,1,0,leak,augmented
,S005,2.698617499568169,67.16544055204108,17.239658291208322,1,0,leak,augmented
,S001,1.1430873132050252,245.8706988661043,12.60330481661643,0,1,burst,augmented
,S007,1.4493141212491076,240.04134883579388,16.0564154055731,1,0,leak,augmented
2024-01-02 12:40:00,S004,2.954791089191569,93.49551784154136,18.449333964307225,0,0,normal,real
2024-01-03 09:45:00,S006,3.4047251801844203,152.37986893065823,18.63038759693648,0,0,normal,real
2024-01-03 16:00:00,S002,3.912211356259098,76.16139006672492,17.07474236125893,0,0,normal,real
2024-01-01 20:15:00,S005,3.21984562238811,152.89516039744765,10.260696852782194,0,0,normal,real
2024-01-03 04:00:00,S001,3.660071571673375,187.2448797616953,12.83708650034477,0,0,normal,real
,S002,1.3629997310959592,153.50973894895216,23.15306547605067,0,1,burst,augmented
,S001,1.0905768698567089,112.36810642785477,17.601387621343726,0,1,burst,augmented
,S005,2.7014116770725027,184.81605933345182,21.365787611088457,1,0,leak,augmented
,S005,1.4562163625204352,187.77918607396535,15.313340527222735,0,1,burst,augmented
,S004,1.5506884881180052,175.19297483168103,19.330606478617067,0,1,burst,augmented
2024-01-01 11:20:00,S008,3.258833018326699,141.71813531519717,10.271652757312609,0,0,normal,real
2024-01-02 07:45:00,S009,3.9835425375252607,143.92642573897075,17.969747808520886,0,0,normal,real
,S002,2.9172581255321974,52.175543360400326,21.274690471129983,1,0,leak,augmented
,S008,2.322990670498708,141.57912281496985,18.092864653977692,1,0,leak,augmented
,S005,2.0526881170452467,62.64529598299393,18.394399886621656,1,0,leak,augmented
,S006,1.471007097081434,122.47532323342926,27.0,0,1,burst,augmented
,S004,1.1045455535037023,179.01636851402873,22.880850845338518,0,1,burst,augmented
2024-01-02 22:45:00,S004,3.472477011178144,61.11581338623006,15.632033926997504,0,0,normal,real
,S010,1.1228382835589743,132.7844295184763,18.30746298552831,0,1,burst,augmented
2024-01-04 02:15:00,S008,3.374960872276307,182.65151419569312,12.276143694295786,0,0,normal,real
,S007,1.136568757733786,143.83638276910617,20.261059257817617,0,1,burst,augmented
2024-01-03 00:55:00,S007,3.795462131944924,66.50949263016729,23.87570763014521,0,0,normal,real
,S005,2.473605842629279,124.6414753945611,8.812912069394649,1,0,leak,augmented
,S007,2.199140888554152,101.03343444077521,16.796974192587637,1,0,leak,augmented
,S007,1.8431254654336535,104.26355347079308,21.251521381591928,0,1,burst,augmented
2024-01-03 14:25:00,S008,2.94491872323564,61.5781295339702,12.54830609828586,0,0,normal,real
,S004,2.139889232249282,254.20661097871152,17.307538116173138,1,0,leak,augmented
,S008,1.24743271263912,209.02004447544684,19.559429660425256,0,1,burst,augmented
,S001,1.8360678924113856,140.77274293560885,26.011445262971385,1,0,leak,augmented
,S007,2.9326060296184013,163.17755275452706,21.462065716005217,1,0,leak,augmented
2024-01-02 06:15:00,S005,3.339633525457574,129.10994331840146,20.79030433553737,0,0,normal,real
,S004,1.1194749306267642,251.3626171025488,21.485900773023296,0,1,burst,augmented
,S002,1.4479134538305587,133.31007809050456,19.88480693454197,0,1,burst,augmented
,S005,0.821910965395516,129.0385186033103,17.643242494860257,0,1,burst,augmented
2024-01-02 22:30:00,S003,2.928263170177768,129.73660951624896,17.65842693114007,0,0,normal,real
2024-01-02 18:55:00,S006,3.4016540434364924,198.5542672997558,14.878808588868278,0,0,normal,real
,S010,2.657723966150329,115.62433392585372,16.297070596815146,1,0,leak,augmented
2024-01-02 16:30:00,S004,3.3724334394837903,115.49212846531492,18.701332520041817,0,0,normal,real
2024-01-02 07:55:00,S005,3.398467762265816,67.23994955893502,11.407859272350343,0,0,normal,real
2024-01-04 02:55:00,S004,3.5730715257679826,195.98913245457376,13.021094638200283,0,0,normal,real
,S010,2.2251355539469424,228.38483136302648,16.12332858690491,1,0,leak,augmented
,S001,1.9361267723281483,147.55150384333243,18.125878143847007,1,0,leak,augmented
2024-01-03 13:55:00,S005,3.406538979572157,164.55384040254808,17.851020563830122,0,0,normal,real
,S010,1.1304988253565462,40.08234140864357,21.062840844336673,0,1,burst,augmented
2024-01-02 21:05:00,S004,2.933781169443925,96.47103129837036,13.74935419596432,0,0,normal,real
2024-01-03 00:50:00,S010,3.57265024192555,138.97373285592022,10.800219954833466,0,0,normal,real
,S008,2.6797511199743465,232.77293476655348,25.994157803498716,1,0,leak,augmented
,S008,1.3272505031923807,164.63403166547815,14.299523267857452,0,1,burst,augmented
2024-01-03 11:35:00,S006,2.9612946932356845,123.80817340736009,21.947627795855624,0,0,normal,real
2024-01-01 14:30:00,S005,3.209815177122,96.92822847583813,11.807838681796966,0,0,normal,real
,S003,1.1912925742263638,149.44126751312407,19.642427684665257,0,1,burst,augmented
,S008,0.9458718933524883,282.77726045419973,13.567336244244125,0,1,burst,augmented
,S010,1.684220956287127,224.4513868515333,23.58296137861982,1,0,leak,augmented
,S009,1.442944030434943,320.0,13.371529541912997,0,1,burst,augmented
2024-01-03 18:00:00,S003,2.7532876950555925,58.045218728124624,20.76197485917868,0,0,normal,real
,S009,1.0753462359593424,313.3441936276205,13.903425870924842,0,1,burst,augmented
,S004,1.7080596935755947,257.4419108449207,26.88885910310769,0,1,burst,augmented
,S002,1.3028695305256126,38.58541713911282,13.533734451518047,0,1,burst,augmented
,S008,2.1184646633127846,223.65570052363967,20.99709940159177,1,0,leak,augmented
,S010,1.1880669103319625,200.24015020468684,19.0527239688426,0,1,burst,augmented
,S007,2.3976907911033067,191.06730495994282,16.840249645219775,1,0,leak,augmented
,S005,1.0814405329592023,132.82160759794505,15.181894653942186,0,1,burst,augmented
,S006,2.1953881818301104,24.166997982805896,21.470533574373523,1,0,leak,augmented
,S001,0.9809511394039383,57.8010909508055,16.493651404803902,0,1,burst,augmented
,S004,2.7227556225381324,54.835930940172744,20.047103160134718,1,0,leak,augmented
,S002,1.0162495315325,213.38114043007192,18.98044561009398,0,1,burst,augmented
,S008,1.4210453253462128,226.6340365573383,11.204724709547431,0,1,burst,augmented
,S010,1.818171524758226,147.11188889884806,27.0,1,0,leak,augmented
,S003,1.6228614424693806,176.58795549706966,16.021170194332264,0,1,burst,augmented
2024-01-04 10:05:00,S002,3.581581991346808,88.57285266636438,20.7908223336223,0,0,normal,real
,S005,1.514807957038658,59.073246762145416,16.66383419261624,0,1,burst,augmented
,S009,1.8688525142775978,161.46810494886975,22.474714179093365,0,1,burst,augmented
2024-01-02 16:20:00,S001,2.86059836934026,78.73894186022386,23.773586300131555,0,0,normal,real
,S006,2.6808218325865396,115.64037442168178,11.136992762306868,1,0,leak,augmented
,S001,2.361366566356704,1.0,12.436272278473604,1,0,leak,augmented
2024-01-04 05:00:00,S010,2.9811003734673567,78.8386877702138,14.642043236329013,0,0,normal,real
,S001,2.2453924018604905,163.6110185944109,27.0,1,0,leak,augmented
,S006,2.45591220235837,123.0689084490885,16.821296099461634,1,0,leak,augmented
,S010,1.564881177662133,253.0486337008068,17.458994335064304,0,1,burst,augmented
2024-01-04 07:45:00,S005,3.804028451488521,160.5239683627256,17.51560355476905,0,0,normal,real
,S002,1.0684095758399186,231.11586702640727,18.789398176145912,0,1,burst,augmented
,S006,2.18128158185302,84.39152546243633,21.228541456564763,1,0,leak,augmented
2024-01-02 18:15:00,S001,3.3111018506996563,114.4393915364097,14.632516360110111,0,0,normal,real
,S002,1.8412385224440235,89.1695050140608,16.603038764960658,0,1,burst,augmented
2024-01-01 17:55:00,S008,3.1968978949537155,152.06849395389878,15.93317625819953,0,0,normal,real
2024-01-01 15:35:00,S010,2.5704180357217195,107.61359172368743,10.550979061399204,0,0,normal,real
,S003,1.1438345752691321,141.70771270580195,17.863302448367573,0,1,burst,augmented
,S010,1.7950954972307005,175.0639361853029,16.00477379409624,1,0,leak,augmented
,S005,3.398459406352428,123.17411220360532,9.529397226103582,1,0,leak,augmented
,S003,1.0796224938809407,128.2820553513652,17.34955469897284,1,0,leak,augmented
,S003,2.680124936864622,159.74680638213528,21.07196542000696,1,0,leak,augmented
2024-01-03 15:25:00,S006,3.819402245067643,186.05629406225327,24.8729916374108,0,0,normal,real
,S003,2.3340251444335767,36.7139039210858,9.433405657172084,1,0,leak,augmented
,S001,1.9289415007932882,192.62349889434304,13.219207623225621,1,0,leak,augmented
,S002,1.3449625932412266,205.00142359769436,23.317206052478817,1,0,leak,augmented
,S010,1.532072667896686,111.69106867658355,13.253476875516892,1,0,leak,augmented
,S005,1.465639089083528,70.9005596073651,16.155669192122847,0,1,burst,augmented
,S005,2.147190745737769,270.1019030239223,19.110590745319122,1,0,leak,augmented
2024-01-03 20:10:00,S006,2.6167847794131545,193.3172287157101,13.704417504878387,0,0,normal,real
,S005,3.0465580814142523,57.538932375736735,21.88794032120917,1,0,leak,augmented
,S005,2.1568047425040744,87.29079564686916,17.65170256892046,1,0,leak,augmented
2024-01-03 08:30:00,S004,3.175087959139338,100.61814184463437,23.060326831861587,0,0,normal,real
,S003,0.9249542397230492,108.29103134523524,25.8616286796936,0,1,burst,augmented
2024-01-01 14:10:00,S006,3.38534600030363,104.14608454100404,11.373731099899512,0,0,normal,real
,S004,1.4110797284729963,275.03905385971814,14.43642868904821,0,1,burst,augmented
,S007,1.6162105460766767,234.8937092367515,19.934254978180935,0,1,burst,augmented
,S005,2.5551719085458227,177.24684129708632,11.481725719787672,1,0,leak,augmented
,S001,0.6849544901052718,209.0071917254316,18.532921534939717,0,1,burst,augmented
2024-01-02 11:05:00,S003,2.6985585685524587,138.95217505408965,18.98680877560488,0,0,normal,real
,S005,1.401708252859031,227.61946731454108,14.742394936734556,0,1,burst,augmented
,S003,1.2246559295869313,291.9353485177561,13.284230376947345,0,1,burst,augmented
,S004,2.11148547480131,152.64307650631525,9.215851666419978,1,0,leak,augmented
,S006,0.8565466502057769,165.4571403851738,18.975092478457075,0,1,burst,augmented
,S004,1.108194770857701,70.1531748249084,20.75623949681256,0,1,burst,augmented
,S010,1.4005857768701826,228.28607126159903,27.0,0,1,burst,augmented
,S007,1.470676741691728,320.0,16.46343100901905,0,1,burst,augmented
2024-01-03 16:55:00,S008,2.5604334186018134,126.83220615155774,20.20719193786561,0,0,normal,real
,S002,2.9714366326299126,221.00820462134936,13.657698439643523,1,0,leak,augmented
,S004,2.2966507764964303,167.94334821964222,20.529914971304276,1,0,leak,augmented
,S003,1.755887432459591,82.95781441913631,26.181890058326175,1,0,leak,augmented
2024-01-03 10:20:00,S010,3.32004449244451,175.97305283052327,11.912285202103693,0,0,normal,real
,S006,1.1373512447865617,194.5137742149069,19.896531395377362,0,1,burst,augmented
,S010,2.3752506943643295,145.11001142367124,15.162396179819632,1,0,leak,augmented
2024-01-02 11:20:00,S010,3.237127266292835,128.36662181081965,18.44067548533509,0,0,normal,real
2024-01-01 13:15:00,S001,2.903016039077419,131.24513219913004,19.50217329739221,0,0,normal,real
,S007,2.397550665028809,169.45079531180446,20.266333579773356,1,0,leak,augmented
2024-01-03 11:25:00,S003,3.499925627319058,67.93429966280847,18.58964279673377,0,0,normal,real
,S002,1.8636735441332517,49.34921816064055,15.930174324761964,1,0,leak,augmented
2024-01-02 02:20:00,S009,3.3160248687741274,145.41061455947374,13.315950571805928,0,0,normal,real
,S005,0.832851128752683,72.32873092347243,15.00748744517288,0,1,burst,augmented
2024-01-04 04:25:00,S004,2.8574345058296373,83.65744696996933,17.567543860822536,0,0,normal,real
,S008,0.930054360276631,200.51757544792508,15.880346441023894,0,1,burst,augmented
2024-01-02 19:00:00,S008,2.601253820025733,127.80514915708926,12.690470230183156,0,0,normal,real
,S002,2.0658220681790427,120.9791108910583,17.90090033892976,1,0,leak,augmented
,S003,1.4096292513186148,320.0,14.6713417974155,0,1,burst,augmented
,S005,2.7212400670506423,163.7792907236643,11.064759632486552,1,0,leak,augmented
,S004,1.4076760601424467,156.42075065069594,19.63233465004939,0,1,burst,augmented
,S005,1.6772457795438083,175.9988739955192,8.0,1,0,leak,augmented
,S008,2.3826466338344123,83.67881230827172,18.475418555753702,1,0,leak,augmented
2024-01-02 15:55:00,S005,3.06547831288942,132.79854531810815,22.071296829845423,0,0,normal,real
2024-01-04 09:05:00,S010,2.583167853555762,174.9551395911605,16.8670739883881,0,0,normal,real
2024-01-03 14:55:00,S002,2.997979707149054,167.24488370798707,16.555772827632815,0,0,normal,real
2024-01-03 11:40:00,S008,3.9452199212114913,66.20668390646107,17.177366051607837,0,0,normal,real
,S009,3.0044258468447427,90.32254805636435,14.158964309535692,1,0,leak,augmented
,S002,2.008417880884484,96.38303523113458,10.806180074571383,1,0,leak,augmented
,S009,1.610334041154436,157.69987646655767,17.171822360239915,0,1,burst,augmented
,S002,2.6667640481887673,233.2453868399502,16.877291054029918,1,0,leak,augmented
2024-01-02 11:45:00,S010,3.4488161649487417,146.67054156815504,22.29696707477091,0,0,normal,real
2024-01-02 01:45:00,S010,2.531417441546369,62.3257501214641,24.517900522675458,0,0,normal,real
2024-01-02 19:30:00,S006,2.969361091320472,90.66443806460988,18.965024240540547,0,0,normal,real
,S001,1.9485497884254706,112.17487478582387,11.542926147246169,1,0,leak,augmented
2024-01-03 19:20:00,S008,3.7036026766769865,101.1866674636581,16.6627511031755,0,0,normal,real
,S010,2.1483170177484716,160.4431932711236,21.923711351650745,1,0,leak,augmented
2024-01-02 05:00:00,S001,3.970775233001659,84.11142437920684,16.059668144898225,0,0,normal,real
,S007,3.1043396807113925,181.79149973455296,17.2707929521563,1,0,leak,augmented
2024-01-04 00:40:00,S008,3.275814141540294,177.22722474199207,20.277617699166708,0,0,normal,real
2024-01-04 09:25:00,S003,2.695480649758504,146.51434242759962,12.957744729520996,0,0,normal,real
,S005,1.5202768197312344,85.98518379322704,20.248083504663512,0,1,burst,augmented
,S007,2.032398544656267,160.19382624301704,16.755219786809178,1,0,leak,augmented
,S008,1.0052027809211421,278.0726094029494,19.002270635779098,0,1,burst,augmented
,S009,1.7609119051726319,80.83500022481509,14.018831328185518,1,0,leak,augmented
,S003,1.2620920510034124,196.30741446470375,9.009615461314285,0,1,burst,augmented
,S005,2.2168532216521637,76.03104210982526,11.17692917270869,1,0,leak,augmented
,S001,0.8763065969378736,185.14940611488922,16.776122469816215,0,1,burst,augmented
2024-01-02 13:40:00,S009,3.804644765022566,159.5744541438185,19.71569756594382,0,0,normal,real
,S003,1.8491848276371914,189.46370103623101,9.09689233026772,0,1,burst,augmented
2024-01-01 07:15:00,S003,3.733805864384754,192.4699869937886,20.8857926258254,0,0,normal,real
,S001,1.3741569425699987,232.32871222211446,20.316892064128755,0,1,burst,augmented
,S003,2.1552484723865417,8.784197157917191,15.71215543989895,1,0,leak,augmented
2024-01-02 22:15:00,S007,3.65948008195838,192.71630430885216,21.64733953976527,0,0,normal,real
2024-01-02 16:15:00,S001,2.1284027786897246,108.05701284175376,19.330593435564907,1,0,leak,real
2024-01-01 12:50:00,S007,3.84450372778168,51.95028852661041,11.28262796281702,0,0,normal,real
2024-01-03 09:20:00,S004,3.169662882694823,142.81581155615075,19.980478126283565,0,0,normal,real
2024-01-01 04:35:00,S006,3.571893884050094,149.0296065076597,14.199008454189142,0,0,normal,real
2024-01-02 06:55:00,S003,3.5412258602647464,126.89821297175794,14.57966015045097,0,0,normal,real
,S008,1.4251742739873265,223.12313687412833,21.16477318611406,0,1,burst,augmented
,S004,0.9503836076076564,149.9902883382799,8.011137563763324,0,1,burst,augmented
2024-01-03 23:45:00,S008,3.661629241909455,107.83303466019709,17.60028686281004,0,0,normal,real
,S005,1.5019954511711158,105.78727338272861,19.17189134572483,0,1,burst,augmented
,S009,2.5643327826759448,166.0822076898048,14.504223688265332,1,0,leak,augmented
,S006,0.7194953200552583,148.6172451173152,20.67954354436687,0,1,burst,augmented
,S005,1.254640268208148,166.6012007837826,16.604303771563565,0,1,burst,augmented
,S001,1.0398753076698117,1.0,11.220610763612854,0,1,burst,augmented
2024-01-03 02:45:00,S009,3.789692012217469,111.02072014275852,14.92349658517509,0,0,normal,real
,S005,1.674507616688409,160.09054406011794,19.58712183175382,0,1,burst,augmented
2024-01-02 02:40:00,S006,3.347532989288524,153.3327953075136,23.09984373791212,0,0,normal,real
,S009,0.969718340512356,127.1111408640472,16.498527339898086,0,1,burst,augmented
,S007,2.1932431809154003,139.90736699612754,21.736544582924157,1,0,leak,augmented
,S007,1.4975565405774083,176.2412139315151,10.577406608374769,0,1,burst,augmented
,S009,0.9491851567301228,229.9034377576728,15.264345294196486,0,1,burst,augmented
,S005,2.293852986594876,134.27588387311232,11.713070655208615,1,0,leak,augmented
2024-01-03 17:50:00,S007,3.6277377189350215,171.79193519568253,24.186245533388952,0,0,normal,real
2024-01-02 02:00:00,S008,2.670934952071476,122.90232544663098,23.80445771829112,0,0,normal,real
,S004,0.9777278958884147,161.1077921940126,18.74034291588506,0,1,burst,augmented
,S005,1.0300038324819496,1.0,16.165973039825467,0,1,burst,augmented
,S004,2.5632144435308515,176.96496735363945,13.233873679650955,1,0,leak,augmented
,S005,2.3532381397124107,222.90235934891928,11.005797027196595,1,0,leak,augmented
2024-01-02 04:00:00,S006,3.277118149358224,94.80883603831596,24.110188676730107,0,0,normal,real
,S003,2.620216022414115,97.49939883740853,13.329918150985955,1,0,leak,augmented
2024-01-01 01:35:00,S009,2.658241389745406,118.48018557243654,13.276606558252505,0,0,normal,real
,S005,1.4350161262811687,147.76999869325255,16.93971130719427,0,1,burst,augmented
,S003,1.7123504410125154,130.318101789011,25.4421131577317,0,1,burst,augmented
2024-01-01 08:30:00,S004,2.772820126598717,101.85009249857949,23.45182614859018,0,0,normal,real
,S003,1.786224730545905,107.7119349741773,19.452921971454106,1,0,leak,augmented
2024-01-04 06:25:00,S006,2.9527000837917328,184.96146176133075,19.426104364614844,0,0,normal,real
2024-01-02 00:55:00,S005,3.702305667824485,193.936496648155,17.317810658895436,0,0,normal,real
,S002,2.277079277798754,125.14280500215554,22.852224238668448,1,0,leak,augmented
,S003,1.8574693776523374,243.90106194569256,11.82680505955923,0,1,burst,augmented
,S002,2.938929371647797,168.16563026951758,21.811847328598375,1,0,leak,augmented
2024-01-03 22:55:00,S004,2.679071517007295,99.17642568287276,22.23618070939181,0,0,normal,real
,S004,2.2840277225318584,249.56017668988392,18.650977302268306,1,0,leak,augmented
2024-01-04 00:30:00,S006,3.4806801266866927,102.52980215348283,19.25829374491687,0,0,normal,real
2024-01-01 01:00:00,S008,2.508283175685404,172.31921426822512,20.602860157714257,0,0,normal,real
,S008,1.2572184752820919,179.74800075780385,15.114368233785699,0,1,burst,augmented
,S003,1.1526188987573784,39.76777652337523,15.294142107834253,0,1,burst,augmented
,S003,2.439254585239915,95.13127413620846,12.958071837948363,1,0,leak,augmented
2024-01-03 19:10:00,S002,2.609505389349441,161.6042870521515,20.66501442924717,0,0,normal,real
2024-01-04 07:05:00,S008,2.9186957061614045,189.6008383343597,10.36966606954484,0,0,normal,real
2024-01-03 18:10:00,S009,2.3106859732152523,143.51848639881968,21.89594542555984,1,0,leak,real
2024-01-02 13:10:00,S008,3.9461176247351615,63.39342867883594,20.305288997548644,0,0,normal,real
2024-01-03 18:55:00,S003,2.582099060387479,80.63631595526434,16.280427149915262,0,0,normal,real
2024-01-02 13:50:00,S005,3.5232908209399154,120.22312119515456,18.68762883062083,0,0,normal,real
,S005,1.5107871136547297,155.6308458668409,20.8360219327438,0,1,burst,augmented
,S007,1.4158549478647773,204.47754688112886,18.009308743195803,0,1,burst,augmented
2024-01-02 03:25:00,S007,3.554415161468015,57.920594070279215,17.298964933656297,0,0,normal,real
,S007,1.0675814164782336,140.39622486694776,24.047419292773206,0,1,burst,augmented
,S004,0.627710229088211,188.27638039085895,17.932804944591158,0,1,burst,augmented
2024-01-02 14:10:00,S004,2.562485227574024,109.64713693880542,21.43463548032908,0,0,normal,real
,S005,1.9965724168128385,270.5279780931911,14.451566971778336,1,0,leak,augmented
2024-01-01 12:45:00,S008,3.710275223443879,194.3973977832312,24.1661458836591,0,0,normal,real
2024-01-01 19:30:00,S009,2.8708466116047657,180.6124851908767,16.679578825039982,0,0,normal,real
,S005,2.074374066005359,287.5065483581112,19.995133531335888,1,0,leak,augmented
2024-01-03 23:50:00,S006,3.337256775835661,102.05035031183,23.99301535189949,0,0,normal,real
,S006,2.573169952846208,144.5769369106553,18.947872586240482,1,0,leak,augmented
,S007,2.1836334175227923,170.2956600032634,27.0,1,0,leak,augmented
2024-01-01 16:50:00,S001,3.656476438798203,156.2858006903944,17.103608326526327,0,0,normal,real
2024-01-01 02:05:00,S006,2.5495760993508227,101.76068720400244,19.51527017052046,0,0,normal,real
,S005,1.2875956504406916,206.86480864716847,12.858294659063677,1,0,leak,augmented
2024-01-02 17:50:00,S010,3.5934715924837244,179.2536355681018,14.111073840132864,0,0,normal,real
2024-01-03 14:45:00,S003,3.951704106472728,132.4796267546597,24.447385405976,0,0,normal,real
,S001,0.8925642852493882,210.35458020468832,21.92333242301188,0,1,burst,augmented
,S009,1.4315668527852512,298.5376862293053,11.446472941161812,0,1,burst,augmented
2024-01-03 02:10:00,S004,2.815760409498014,171.35354604375146,12.203828853756562,0,0,normal,real
2024-01-04 09:35:00,S004,3.524006728694139,144.31010225899894,13.99152052805963,0,0,normal,real
,S005,2.5449061064229537,110.56001781559165,22.433251070051057,1,0,leak,augmented
2024-01-02 05:30:00,S009,3.340273387562368,162.60942604990208,18.3697110817396,0,0,normal,real
2024-01-01 04:10:00,S006,2.9548982720098342,130.5623640794983,14.899768626940611,0,0,normal,real
,S007,2.801659730328733,182.1467804428579,8.0,1,0,leak,augmented
,S001,1.8779203713012942,45.52134244329815,18.15260566518553,1,0,leak,augmented
,S004,1.6394568893817838,202.9981489463537,24.76928766110493,1,0,leak,augmented
,S004,1.7052336482450219,200.4405486306018,20.20400724767601,0,1,burst,augmented
,S006,1.6041433740356073,229.61159867136143,18.11209711300873,0,1,burst,augmented
,S006,2.2467781144881798,208.73710868415552,18.7691235555393,1,0,leak,augmented
,S006,0.7944809997624811,159.47529668587003,21.93807971160974,0,1,burst,augmented
,S006,2.3127705949310933,211.00290822475984,19.298252771848045,1,0,leak,augmented
2024-01-01 16:00:00,S002,3.112679819606048,105.9032775518471,13.896306756404892,0,0,normal,real
2024-01-03 08:55:00,S004,3.829129163220274,184.35349163999248,14.459308064219895,0,0,normal,real
,S010,1.1278851658626554,136.18671626902855,23.525592741424056,0,1,burst,augmented
2024-01-04 09:50:00,S003,3.7856454094148737,172.5660648750142,16.725197057869504,0,0,normal,real
,S007,2.1096804119250225,121.54785401510753,19.52236487151813,1,0,leak,augmented
2024-01-03 13:50:00,S007,3.4076342778108075,83.0731459122124,19.384761841409148,0,0,normal,real
,S007,2.125315638315446,249.5919776156527,14.800257354339223,0,1,burst,augmented
2024-01-04 04:10:00,S008,2.588575216687408,90.74962870454831,11.556345153037846,0,0,normal,real
2024-01-03 05:00:00,S005,2.67219539087692,191.22993654266617,21.763092615479003,0,0,normal,real
,S007,1.2865691345060761,214.84591023205562,18.098251356772206,0,1,burst,augmented
2024-01-04 09:45:00,S001,3.9784011009292,153.00179175861942,13.654221879732914,0,0,normal,real
,S001,2.6545694154442754,90.34285198275512,17.29786007445555,1,0,leak,augmented
,S003,2.4964744889566752,129.03877806517056,16.268448613198775,1,0,leak,augmented
2024-01-01 08:05:00,S002,3.025881338209896,138.48765302819496,15.883660676495984,0,0,normal,real
,S008,2.336023968008032,145.11380848588007,18.92856826684844,1,0,leak,augmented
,S008,1.3777789849956088,29.60969579789392,21.587922610968967,1,0,leak,augmented
,S005,1.583749754622169,110.85306393295579,14.45338198606376,0,1,burst,augmented
,S004,2.433172591999205,200.40089962316637,20.98867068372816,1,0,leak,augmented
2024-01-02 04:20:00,S004,3.485432734400709,193.4921931625187,11.034370245346318,0,0,normal,real
2024-01-02 00:05:00,S002,2.60225846407824,53.87178604242305,12.027494337322342,0,0,normal,real
,S002,2.541715058839886,198.82866386168502,9.261860219784097,1,0,leak,augmented
2024-01-03 20:40:00,S007,2.891377869475252,195.44239083565068,21.020628553975385,0,0,normal,real
2024-01-03 08:00:00,S005,3.922377306685119,95.69035336612856,13.967737059832572,0,0,normal,real
,S003,2.5855816495175574,189.96843024381496,20.472898247271957,1,0,leak,augmented
,S005,2.349008988825955,282.70455692928425,16.407932953358067,1,0,leak,augmented
2024-01-02 18:30:00,S007,3.357618974715624,174.92455651824065,23.59130590721891,0,0,normal,real
,S003,2.7474898113504396,17.97342809231924,19.601705984711103,1,0,leak,augmented
,S004,1.4499019078736721,236.00977999478653,12.714585902840494,0,1,burst,augmented
,S002,1.250907793866618,148.07373298702257,13.574292809647982,0,1,burst,augmented
,S008,2.1178643786424973,136.08325141243066,15.233405008105617,1,0,leak,augmented
,S002,1.2586493067983633,155.35999949167828,18.76149867990827,0,1,burst,augmented
2024-01-01 10:50:00,S007,3.359726273886083,199.65389238857648,21.28604680058234,0,0,normal,real
,S001,1.0603354318403078,215.10626629075824,19.323608158356098,0,1,burst,augmented
,S006,1.0008962202847416,209.82167991816306,21.004488703465423,0,1,burst,augmented
,S008,1.012359607407781,78.828374487957,21.102491712164145,0,1,burst,augmented
,S001,1.8601243310851,144.46936630904813,17.678119395417262,1,0,leak,augmented
,S002,1.2369319624165787,169.7294657501091,20.92424964760956,0,1,burst,augmented
2024-01-01 00:50:00,S008,3.766800773017227,162.09801652060713,18.0953819858362,0,0,normal,real
,S008,1.3757884726815044,185.75606584601346,17.99900025452852,0,1,burst,augmented
,S008,2.4853064751621945,83.32643045497355,20.861748793462265,1,0,leak,augmented
,S005,2.311952829257732,161.21187574362284,18.271209530227402,1,0,leak,augmented
,S002,2.7462294067197597,149.00629322774842,14.347168080795488,1,0,leak,augmented
,S010,1.0219370711118914,200.95365313812144,22.38722370317184,0,1,burst,augmented
,S005,1.8427143545165452,228.89031055401,22.59516991351288,1,0,leak,augmented
,S003,1.3490067460069513,160.28413865013312,20.671056235317348,0,1,burst,augmented
,S002,1.7290546420695787,240.03987998211272,17.929192654698358,1,0,leak,augmented
2024-01-01 15:25:00,S006,3.9734957726201214,182.62984671972544,19.01197669663297,0,0,normal,real
2024-01-04 02:40:00,S002,3.794439434969528,122.0839911254402,11.031308596337311,0,0,normal,real
,S008,2.7689375875231,216.4451730522548,17.324237202340594,1,0,leak,augmented
2024-01-01 06:10:00,S010,3.755445811356061,180.0303057966262,22.57721145645977,0,0,normal,real
2024-01-01 12:35:00,S008,2.794169649540179,125.82618186590508,18.925734695506307,0,0,normal,real
,S004,1.5083851466903868,88.04426537788723,13.902512472165201,0,1,burst,augmented
2024-01-03 02:20:00,S005,3.2177441743839426,167.08340403308208,14.554359072157604,0,0,normal,real
2024-01-02 00:35:00,S006,3.1391250758355573,69.60655651102992,23.299063228607,0,0,normal,real
2024-01-03 15:35:00,S001,3.4838549696476,79.82210914061045,14.725157607751369,0,0,normal,real
2024-01-03 06:05:00,S010,3.0388131204740354,173.53283399177286,22.31044241150169,0,0,normal,real
2024-01-01 02:50:00,S008,3.83165514814144,177.63926731512692,24.03452491331421,0,0,normal,real
2024-01-03 06:55:00,S004,3.128774313853182,75.23054836497772,23.18995323517711,0,0,normal,real
,S004,1.2407311314003748,122.29076885344116,15.90324108166892,0,1,burst,augmented
2024-01-04 02:25:00,S008,3.4920140184170867,55.76013159895169,15.523751610926997,0,0,normal,real
2024-01-01 22:25:00,S003,3.410641054133171,132.0046119071105,13.479206441739631,0,0,normal,real
,S007,2.427762508373431,106.11029059068751,17.68196733062903,1,0,leak,augmented
,S004,2.6400375629559667,150.58335664480757,23.050307857254825,1,0,leak,augmented
,S008,2.343006421053982,106.41120907378212,21.74322020828166,1,0,leak,augmented
2024-01-03 09:40:00,S008,2.639907170167255,194.57347413177104,12.02620219338641,0,0,normal,real
2024-01-02 14:50:00,S006,3.048521122392057,83.80719020101488,12.93749626201405,0,0,normal,real
,S008,0.756756871919958,252.18347585617616,15.114628125790645,0,1,burst,augmented
2024-01-03 18:50:00,S005,3.4911977945363653,161.95443264698622,14.673576093733434,0,0,normal,real
2024-01-03 17:15:00,S005,2.848337036352014,110.798804097043,14.037423564874436,0,0,normal,real
,S001,2.702784647767743,148.7561419672045,16.828215629951657,1,0,leak,augmented
2024-01-03 09:15:00,S003,3.366710575376627,179.9152318066752,14.34159282429232,0,0,normal,real
2024-01-01 04:15:00,S005,3.1858977424205928,176.30346125179722,12.915700509923097,0,0,normal,real
,S005,2.6281915571674093,259.20625251187823,26.727174071024425,1,0,leak,augmented
,S001,1.6428507631938998,199.0847484582427,17.17655652391444,0,1,burst,augmented
,S006,2.769784042694243,129.62494160091074,16.063225262201577,1,0,leak,augmented
2024-01-02 22:05:00,S001,3.4471283818275644,129.87560996239728,11.73091963268376,0,0,normal,real
,S004,2.151031233909679,19.949435675325347,18.23523508027626,1,0,leak,augmented
,S007,2.269933243239588,130.82551241223106,21.56366117594975,1,0,leak,augmented
,S004,1.041279653345279,247.8639362815459,16.478661479691162,0,1,burst,augmented
,S010,1.3624291564169153,56.52030052622105,10.195109218089765,0,1,burst,augmented
2024-01-01 03:40:00,S008,2.8133780764230405,150.6715275236076,15.379701719442458,0,0,normal,real
2024-01-02 15:40:00,S002,3.5474667358413594,109.28088894649554,24.29345193996741,0,0,normal,real
2024-01-02 11:00:00,S003,2.80196816173365,109.2706614896478,10.59189299336349,0,0,normal,real
2024-01-04 00:15:00,S009,3.653120697043769,59.291977786848186,18.65211879457384,0,0,normal,real
,S007,0.7415376544874388,98.65467723314167,19.39900245577779,0,1,burst,augmented
2024-01-02 22:55:00,S004,3.1963577796088374,158.4106628358207,19.85094227082412,0,0,normal,real
,S002,1.372292454877949,226.20627842346389,17.90197855672656,0,1,burst,augmented
2024-01-01 11:25:00,S004,3.87812578339112,168.51269556861303,10.345339071814562,0,0,normal,real
,S008,1.0644037649996316,252.0721842216178,20.8343024458779,0,1,burst,augmented
,S007,1.5692116415391943,173.0165951633014,20.183314083140406,1,0,leak,augmented
,S006,1.4999422588426823,272.93110388673864,13.456917538738127,0,1,burst,augmented
2024-01-03 13:35:00,S002,3.074823048920877,82.44991664462405,16.63866018899223,0,0,normal,real
,S003,0.771567894693323,191.61159201265988,21.876254001912915,0,1,burst,augmented
2024-01-03 05:45:00,S002,3.608300015699549,54.86651690707805,19.88076458090533,0,0,normal,real
2024-01-04 05:35:00,S006,3.9646847941531154,193.1999535318604,22.00206374128114,0,0,normal,real
,S006,1.122296783570351,43.17514023114464,18.841085161726838,0,1,burst,augmented
,S003,1.4008940565263293,222.8349063738707,17.088873984131094,0,1,burst,augmented
2024-01-03 03:40:00,S001,3.5561249069820087,190.275813008974,15.637075237691295,0,0,normal,real
,S008,2.0014557438959635,191.63288167295445,16.841978528471834,1,0,leak,augmented
2024-01-02 08:35:00,S006,3.7812039964757567,57.42452802404999,22.499756072095188,0,0,normal,real
,S007,2.841003271938936,310.317592059071,10.533783994905964,1,0,leak,augmented
,S004,1.3840326394295535,93.52261162768517,19.873252656630935,1,0,leak,augmented
,S010,2.6643260956941823,207.7785919818554,21.80016645404001,1,0,leak,augmented
,S009,1.9204958342278315,200.92043017877685,19.774792050353632,1,0,leak,augmented
,S007,2.526761600879445,122.38437472400285,27.0,1,0,leak,augmented
,S002,1.2623507854552165,158.71706068736694,14.77176966550668,0,1,burst,augmented
2024-01-02 17:20:00,S005,3.568931999647769,172.5169199758454,12.72420951634904,0,0,normal,real
2024-01-03 08:15:00,S010,3.38252833147473,109.6526621649582,24.60700620035724,0,0,normal,real
2024-01-04 00:25:00,S002,2.893612564733953,113.25689262888746,10.598837988456268,0,0,normal,real
2024-01-04 07:00:00,S009,3.8985222124505663,178.73101864655447,12.559016869324664,0,0,normal,real
2024-01-02 00:15:00,S007,2.7280372796929724,59.20244406660022,21.7114237910266,0,0,normal,real
2024-01-03 01:40:00,S001,3.433945800397987,196.0073928747232,16.975142762896414,0,0,normal,real
2024-01-01 08:40:00,S006,2.6330538006355835,68.09538066509012,16.911681520490887,0,0,normal,real
,S004,1.4807671977299675,137.74785492315738,20.040254503980474,0,1,burst,augmented
,S001,1.2231107157560963,139.21176529385036,17.173559258754796,0,1,burst,augmented
,S006,1.2185536432944803,217.49620373520344,14.06109448941937,0,1,burst,augmented
2024-01-02 22:35:00,S003,2.5200515248890936,111.46088546644086,19.71661349425513,0,0,normal,real
2024-01-03 16:15:00,S003,3.4174696290849886,94.3621343892531,13.836155523224503,0,0,normal,real
,S006,2.3378915422941464,170.8137178199627,25.207986726965977,1,0,leak,augmented
2024-01-01 12:30:00,S007,2.7342288960492853,157.39583432710964,19.88385912865227,0,0,normal,real
2024-01-04 11:00:00,S010,3.836532524450817,172.04132200510338,20.72429235327666,0,0,normal,real
2024-01-03 11:30:00,S003,3.2499384879471824,159.53737842943568,19.28759103048755,0,0,normal,real
,S003,1.4577920190491442,177.8255131227503,22.21598200160105,0,1,burst,augmented
,S006,1.3540965743356137,235.76801259216276,24.286790699488208,0,1,burst,augmented
2024-01-01 02:30:00,S001,3.096358031631284,127.662702579122,22.56565158860992,0,0,normal,real
,S008,1.0408639800063317,199.95293439445518,17.735392651789663,0,1,burst,augmented
,S005,1.443962255965742,267.38783550061174,20.611762185642583,0,1,burst,augmented
,S004,2.1845164090745377,135.69788865313592,13.16304797139204,1,0,leak,augmented
2024-01-01 21:15:00,S008,3.5023191978325245,142.92355190144218,16.952410657008585,0,0,normal,real
2024-01-02 19:45:00,S004,3.904400709119829,131.2985112334649,24.094772669402623,0,0,normal,real
,S008,1.8282889228665549,124.37906964134271,20.994586803301857,1,0,leak,augmented
2024-01-03 23:35:00,S001,3.581698536035236,77.56769976618517,14.92578249424908,0,0,normal,real
,S003,2.8060950288533704,86.45905655028645,17.70315066589493,1,0,leak,augmented
,S010,2.582732972007199,27.512012816858146,17.86113241726886,1,0,leak,augmented
,S006,2.347649699167672,75.33172966483485,8.454776652930336,1,0,leak,augmented
,S006,1.5743448511698448,134.22532553922164,25.940868692919103,1,0,leak,augmented
2024-01-01 19:15:00,S006,3.4825140082481627,198.81999745110085,14.257817929129676,0,0,normal,real
,S010,2.418970964069292,194.80434130530455,19.308326466613188,1,0,leak,augmented
,S001,2.68313095911752,143.83970445364616,17.26036781908879,1,0,leak,augmented
2024-01-01 03:50:00,S007,3.129671284669415,88.43104153916872,19.17270566298521,0,0,normal,real
,S005,1.0926268855319101,154.27366082044665,14.44861551627298,0,1,burst,augmented
2024-01-01 06:55:00,S006,3.07630274706883,160.5651058764529,23.7288151250366,0,0,normal,real
2024-01-02 21:50:00,S010,3.411629024643479,86.80284712493166,10.865982388376755,0,0,normal,real
2024-01-03 16:35:00,S009,2.9403021886879905,89.89965396389869,14.991713034411934,0,0,normal,real
2024-01-03 22:20:00,S007,3.035473644202996,145.2116211656044,12.79629707280962,0,0,normal,real
,S006,2.5571446346971345,93.9592027971508,18.237092078205585,1,0,leak,augmented
,S007,1.6750864485612582,49.18335657386743,18.508936127778867,0,1,burst,augmented
,S003,1.8482410227025827,126.1781681794692,13.204524880336534,1,0,leak,augmented
,S003,1.4537930307054898,71.34469461949702,11.535650087042635,1,0,leak,augmented
,S001,2.210104166447484,190.20209682996904,18.32944719893204,1,0,leak,augmented
,S008,1.3111241965108273,1.0,18.506109437134857,0,1,burst,augmented
,S010,1.0637505293533593,222.33345640115448,18.8011606703307,0,1,burst,augmented
,S006,1.385666813604235,19.55772794466276,21.171986726333078,0,1,burst,augmented
2024-01-01 10:35:00,S006,3.3096715928719496,115.81170130825086,18.662294063591887,0,0,normal,real
,S001,1.9350003539689704,157.06000035049922,23.42661379422733,1,0,leak,augmented
2024-01-02 17:55:00,S006,3.003415681404764,196.7788202583711,22.848058356218903,0,0,normal,real
2024-01-01 19:20:00,S002,3.447340330138781,159.96695336229214,11.973515276908897,0,0,normal,real
,S005,1.7787184753209686,210.55358995239942,19.567543229192992,0,1,burst,augmented
2024-01-03 01:20:00,S005,3.750687926378241,146.3866415485451,11.178367463855906,0,0,normal,real
,S004,2.0556117996816394,147.38211110501825,21.95468712082184,1,0,leak,augmented
,S008,2.782247953796748,225.64808034154362,14.78871495774584,1,0,leak,augmented
2024-01-01 23:25:00,S002,2.5946635496187254,67.64735427103379,13.410359501441482,0,0,normal,real
,S008,1.4029804976920448,148.79181801359152,11.943610380413217,0,1,burst,augmented
2024-01-01 10:00:00,S003,2.5777353052336403,100.49064172908808,12.016220154084614,0,0,normal,real
2024-01-04 11:15:00,S003,3.777372100025856,179.5684434447505,16.101606228580078,0,0,normal,real
,S008,1.3764019017163598,134.48174491190846,14.528673471733555,0,1,burst,augmented
,S005,1.1740323128376866,214.6964857768031,19.563666023184084,0,1,burst,augmented
2024-01-01 13:40:00,S010,3.133054089326031,103.08070648418742,24.37940765969831,0,0,normal,real
,S003,1.0618229375575625,130.20427788257672,23.592361057875397,0,1,burst,augmented
2024-01-04 04:35:00,S007,3.808779927744044,86.62213407603608,16.751647880275442,0,0,normal,real
,S008,1.1410503162920338,207.08896498601024,17.20415242142856,0,1,burst,augmented
,S009,1.1766245176325902,320.0,14.77734447100569,0,1,burst,augmented
2024-01-03 05:30:00,S005,3.7314715259487112,134.99078883581944,19.85545747351161,0,0,normal,real
,S007,1.920845193475272,56.45453881258531,19.226747842045093,1,0,leak,augmented
2024-01-02 18:25:00,S007,2.974824497901805,172.46161774475462,17.52273192219601,0,0,normal,real
,S005,1.4728368246624846,208.3830709743403,20.64495936261524,0,1,burst,augmented
,S004,1.6945495794885836,320.0,16.0550592235387,0,1,burst,augmented
2024-01-01 12:05:00,S004,3.121936185590536,62.80245021179658,24.95311377768921,0,0,normal,real
,S006,1.5257490384315642,170.53900667107808,16.75462169785651,0,1,burst,augmented
,S005,2.350688902197457,102.409023276755,14.284680978898407,1,0,leak,augmented
,S007,2.5018555207631215,230.78696801407318,17.734762044883684,1,0,leak,augmented
,S001,1.4933013851549033,108.79138186771593,23.107128514178527,0,1,burst,augmented
2024-01-01 18:55:00,S008,3.962189743220175,147.54885295204053,12.993136763937176,0,0,normal,real
,S002,2.257914653488646,239.38171985006443,16.51093451390362,1,0,leak,augmented
,S010,0.9371139742204586,85.95445577916671,19.746336140409888,0,1,burst,augmented
2024-01-02 19:15:00,S006,2.715912870358346,139.30394918879065,12.581659042341666,0,0,normal,real
,S008,1.4748101236790045,123.85498411795655,15.666828375446492,0,1,burst,augmented
,S008,2.696039091501243,148.55106483187768,19.305389189079907,1,0,leak,augmented
,S006,2.089826861909297,128.94036034099224,15.912901892162768,1,0,leak,augmented
2024-01-02 02:10:00,S010,3.4194093737417885,191.4613756617061,13.610390677487574,0,0,normal,real
,S009,1.159615112811275,136.88617378958742,9.650162381427906,0,1,burst,augmented
,S005,2.0490408445195025,112.31806603742726,21.508071469182763,0,1,burst,augmented
,S003,1.9334215829905201,260.13564438527777,20.91374536431037,0,1,burst,augmented
,S009,1.2876802653007888,320.0,15.9909606257392,0,1,burst,augmented
2024-01-03 12:55:00,S003,2.943201886940139,129.49555115321309,20.1758782825452,0,0,normal,real
2024-01-03 06:10:00,S008,2.7374558501584216,57.76788330992253,18.359658629714627,0,0,normal,real
,S010,1.0595062398407138,238.48950016418345,16.411934580797137,0,1,burst,augmented
,S002,1.300957806266041,54.81631073016675,10.931720308049258,0,1,burst,augmented
2024-01-03 23:40:00,S009,3.11183441276092,91.94544777398092,12.045554912013488,0,0,normal,real
,S008,1.8897908884961143,227.4708354195532,11.375344055929396,0,1,burst,augmented
2024-01-03 04:20:00,S008,2.5451558083169785,194.2238486861168,20.0180186005122,0,0,normal,real
,S004,1.1829506617998775,1.0,9.86820799452687,0,1,burst,augmented
,S007,2.264889708375509,122.12560258352661,17.724339073206046,1,0,leak,augmented
,S005,1.3931576359307727,182.6422817127634,20.526759679611608,1,0,leak,augmented
2024-01-02 09:40:00,S006,3.768406544484861,153.8739240003838,16.448966160852223,0,0,normal,real
,S006,3.039106193457589,278.62190427126086,13.527851635897447,1,0,leak,augmented
,S008,2.1311285864431637,211.0813162974317,19.968093146382287,1,0,leak,augmented
,S010,1.2393322971313616,299.0861179146183,21.458937910404963,0,1,burst,augmented
,S003,2.8884854112460916,176.2914275353603,18.93775312131621,1,0,leak,augmented
2024-01-01 17:00:00,S007,2.59843921686102,173.22694211111616,15.577502938580867,0,0,normal,real
2024-01-03 20:55:00,S007,3.831203410319324,143.815017524989,22.12402316824417,0,0,normal,real
,S002,2.3589310063116984,154.34804198280463,21.71110126063468,1,0,leak,augmented
2024-01-04 01:50:00,S005,3.098689150667449,86.33857363771511,13.052319918329689,0,0,normal,real
,S007,1.2052347220862514,270.5183714951912,17.905188438105615,0,1,burst,augmented
,S009,2.1716837550809296,167.99157482859744,20.780954838643332,1,0,leak,augmented
,S007,1.1101257554972288,165.6326091520219,11.860872081002956,0,1,burst,augmented
,S008,1.2437356681061729,213.91801362667854,18.838019848119586,0,1,burst,augmented
,S010,2.807750147552164,136.3532372842542,15.013076741435501,1,0,leak,augmented
,S005,3.554685862059509,43.39957421156596,19.505888030395663,1,0,leak,augmented
,S003,1.6341002574846732,168.65123032348396,13.076616003924052,0,1,burst,augmented
,S009,1.7417327935455296,131.90115519237324,19.7124396124859,0,1,burst,augmented
2024-01-01 05:10:00,S003,3.4649323276635298,118.73793357372747,18.184251839739023,0,0,normal,real
2024-01-02 06:50:00,S007,2.750698017206832,148.29236145374873,24.876139257517583,0,0,normal,real
2024-01-03 02:55:00,S010,3.8044091237121664,110.41637498493498,24.55353016622315,0,0,normal,real
2024-01-01 21:35:00,S003,2.5904010854343413,190.1654040208272,15.274340308594516,0,0,normal,real
,S004,2.704103553301473,173.17081141796774,13.17609794932358,1,0,leak,augmented
2024-01-01 04:30:00,S009,3.5327498511480497,58.72903932626655,23.728205914397208,0,0,normal,real
,S003,1.2465721204228786,301.8994543658961,17.103885988180796,0,1,burst,augmented
,S009,2.667448991807028,178.96880997300565,27.0,1,0,leak,augmented
,S001,1.715319673868282,169.58877415738186,13.4844882880085,1,0,leak,augmented
2024-01-01 09:20:00,S006,3.380261677031319,161.81592112764952,16.47489319344519,0,0,normal,real
,S005,1.6589212674780103,204.94268760480279,10.670907975534375,0,1,burst,augmented
2024-01-01 17:15:00,S004,3.4817668214217026,90.9889290497314,24.26295343375616,0,0,normal,real
,S006,1.2500997674067205,168.351796060377,18.781517523104704,0,1,burst,augmented
,S008,2.301309355638497,15.284996455830736,17.234341194730224,1,0,leak,augmented
,S004,3.00062990239792,167.894709532188,17.114012316083492,1,0,leak,augmented
,S010,1.8752830536644856,187.85126336880313,21.0002694125172,1,0,leak,augmented
2024-01-03 15:55:00,S010,2.509696536684566,124.43588328512207,14.284389828433646,0,0,normal,real
2024-01-04 10:10:00,S002,3.18661572574932,64.33386559375029,23.47219667230151,0,0,normal,real
2024-01-03 16:20:00,S008,2.8702855413936,95.96231740265546,18.327006801297827,0,0,normal,real
,S010,1.387765367429195,137.2831190031451,13.387980109540884,1,0,leak,augmented
2024-01-02 04:35:00,S002,3.859656180016617,70.88680566763927,17.986310234128258,0,0,normal,real
2024-01-02 14:20:00,S009,2.6803108436808643,89.83742494379092,10.263285450499431,0,0,normal,real
,S007,2.0747755045980227,173.62397709303627,9.81895929806571,1,0,leak,augmented
,S010,1.5242886778972145,189.1876544937926,26.058338491899768,1,0,leak,augmented
2024-01-03 13:05:00,S010,3.204873058050393,125.3736315240398,13.011564621350178,0,0,normal,real
,S002,1.1652124416814011,242.61005945292578,8.780749635646206,0,1,burst,augmented
,S002,1.7750917616576607,145.04663513501737,19.31577833905632,0,1,burst,augmented
,S006,1.978595421512116,99.85255053781137,12.073745288929398,1,0,leak,augmented
,S002,1.9103897708452444,233.10118716280564,13.406219456655595,1,0,leak,augmented
,S006,2.454583525805744,168.80090028444442,23.756739094387676,1,0,leak,augmented
2024-01-01 07:55:00,S001,3.3278602581617283,134.14069573030793,23.14980403987517,0,0,normal,real
2024-01-02 00:20:00,S002,2.58667084149455,154.25528432878298,24.755183878951204,0,0,normal,real
,S003,2.3130773359004437,134.2308673367454,14.486852224247393,1,0,leak,augmented
,S009,1.2587298176441213,283.6139159983433,10.460356585302824,0,1,burst,augmented
2024-01-01 05:05:00,S007,3.916377395687751,180.07984003325058,19.54605396169017,0,0,normal,real
,S008,2.4626532583155543,6.590152526115332,12.973479388651295,1,0,leak,augmented
2024-01-01 05:30:00,S008,3.6026065657058286,170.5221395577273,14.230518588569598,0,0,normal,real
2024-01-01 02:25:00,S004,2.5248817433917843,126.81395874489216,13.39743662796907,0,0,normal,real
,S005,2.2834628036215068,77.39746799675072,15.5029918347824,1,0,leak,augmented
,S009,2.134953647967021,160.93953258299723,19.2816845583632,1,0,leak,augmented
,S009,2.9967964883718436,75.65398971773888,19.175038483960538,1,0,leak,augmented
,S010,1.2955937171981895,296.9081414821184,18.26756880151801,0,1,burst,augmented
,S004,1.417284248212206,177.3538579792344,10.775811040226916,0,1,burst,augmented
,S009,0.8084203187373766,167.81203068156321,15.616336053553109,0,1,burst,augmented
,S001,0.9628175548698539,281.27268006230645,14.67953319715227,0,1,burst,augmented
,S008,1.626521654131008,110.29070235075118,18.590176569348092,0,1,burst,augmented
,S005,1.3686969761689078,222.2501415237482,18.366697280936055,0,1,burst,augmented
,S007,1.3975884084974335,198.91407835162732,22.32824403007573,0,1,burst,augmented
,S006,0.7563603467814186,246.30610274886115,15.578698558993848,0,1,burst,augmented
,S009,2.4010605486091663,131.69775187856004,24.599337557547432,1,0,leak,augmented
,S002,2.216089320834997,165.30593542494,18.791791512378424,0,1,burst,augmented
,S001,0.8156501521280382,169.6436650872022,11.622597838503001,0,1,burst,augmented
,S003,2.512988637837944,176.27103468597176,20.737010689894944,1,0,leak,augmented
,S010,2.893050635198275,149.99647731078286,20.26535251722875,1,0,leak,augmented
,S006,0.968121656325371,178.54676072785793,17.85624778814933,0,1,burst,augmented
,S004,1.8160763896484482,92.06307945626708,15.274862853521668,1,0,leak,augmented
,S006,2.317810848720944,133.95249282331338,19.583093616427682,1,0,leak,augmented
,S002,1.5315946603643424,197.2568909702642,12.912603387619615,0,1,burst,augmented
,S008,0.995522995236531,1.0,16.049923112049886,0,1,burst,augmented
,S004,1.5868229927358966,158.97307483171363,14.921565839733093,1,0,leak,augmented
,S009,1.2082268659159936,132.96880332942354,18.85501200953189,1,0,leak,augmented
2024-01-01 03:35:00,S003,2.7542391200291387,133.52018936875254,24.042321612411715,0,0,normal,real
,S003,2.119087122010809,123.79618018040708,8.680567900387908,1,0,leak,augmented
,S005,2.3359845006602513,163.5574564139855,20.861808346224525,1,0,leak,augmented
,S002,1.0816185368507238,243.41501155456655,21.490514402704438,0,1,burst,augmented
2024-01-03 03:45:00,S005,3.6443400033315454,56.81787506536939,19.69900665922993,0,0,normal,real
,S007,0.9530637835612494,62.351908999682834,18.657787101700837,0,1,burst,augmented
,S004,1.8578553394136186,131.2970544695093,17.56120586854786,0,1,burst,augmented
2024-01-02 06:30:00,S003,3.819732870927543,128.8152368818539,13.665099111796993,0,0,normal,real
2024-01-01 00:30:00,S005,2.8463407384332235,86.15381990390176,20.24895278238188,0,0,normal,real
,S007,2.4857790334755534,69.94796546846023,21.84759802291117,1,0,leak,augmented
,S007,2.4414417988029875,98.27726121346365,11.061803425689238,1,0,leak,augmented
,S005,2.4619971783595718,223.5485365925223,16.56349504187343,1,0,leak,augmented
,S009,2.0236721742341603,125.6292211070629,16.391612073031734,1,0,leak,augmented
,S003,2.0760695425437774,136.457685265877,18.4767875654222,1,0,leak,augmented
,S009,1.3739716746750326,261.4976758274374,15.78324992175327,0,1,burst,augmented
,S002,3.172119825240546,45.8427690428596,20.281535694084596,1,0,leak,augmented
,S010,1.0417069373701557,74.20337833383496,23.022064025163868,1,0,leak,augmented
2024-01-01 05:00:00,S010,3.900154462119224,125.15598258728888,18.09066172600094,0,0,normal,real
,S005,1.2841258039165764,181.46210426713876,16.815066057409428,0,1,burst,augmented
2024-01-02 20:35:00,S006,3.789735753086914,55.25118722102085,21.810600175076583,0,0,normal,real
2024-01-01 14:20:00,S005,2.525154407640094,196.46671579620423,19.558473696842302,1,0,leak,real
,S003,2.4770109500753543,150.2550755728203,12.327879414770912,1,0,leak,augmented
,S006,2.5893882060628086,123.66003599439271,18.578051138631338,1,0,leak,augmented
,S008,3.0864995111968714,189.2426650275179,11.139146142637758,1,0,leak,augmented
,S008,2.478202361925377,94.08356800757542,16.407389031835542,1,0,leak,augmented
,S007,1.7046332380047817,210.15041583198965,17.74161376334195,0,1,burst,augmented
2024-01-01 13:25:00,S005,3.7225816426036857,124.71361302665086,11.007630998735651,0,0,normal,real
,S006,1.2229919117747385,101.00535807434595,13.243155808524769,0,1,burst,augmented
,S008,1.1416460867867102,138.83062046943834,11.190728437639773,0,1,burst,augmented
,S002,1.1672382951929992,1.0,15.509493638653407,0,1,burst,augmented
2024-01-03 11:45:00,S004,3.477851298343691,174.8625775115379,24.63209542471033,0,0,normal,real
2024-01-01 06:00:00,S004,3.919291814322536,167.19440757068037,11.70196903026172,0,0,normal,real
,S007,2.0108955831524513,234.09627512692757,21.383253620330336,1,0,leak,augmented
,S007,2.0976712666658797,135.92860575871416,14.92740201160242,1,0,leak,augmented
2024-01-02 16:25:00,S009,2.558394944988501,55.40282274371396,12.62832658158741,0,0,normal,real
,S005,1.72983583055801,119.90241777651136,17.677441346572515,0,1,burst,augmented
2024-01-04 08:35:00,S002,2.584320858189818,162.12809551197574,22.762791359831432,0,0,normal,real
2024-01-04 06:05:00,S006,3.352402924403153,91.1998804681858,17.11652371220761,0,0,normal,real
2024-01-02 20:20:00,S002,3.7076354777434943,173.44757075626512,23.99065762199142,0,0,normal,real
,S006,2.416610523022792,184.6467427082973,18.03730441035663,1,0,leak,augmented
,S002,1.718438797208231,132.89183414840164,16.900620612819058,1,0,leak,augmented
,S001,1.1508945113521358,211.52551930459043,20.964956339170502,0,1,burst,augmented
,S004,1.481386826783563,222.00832561761095,14.57753971369322,0,1,burst,augmented
,S010,1.1923150853364197,124.5165022159266,17.23265694162959,0,1,burst,augmented
,S003,1.8699277073444378,149.77745739699267,16.867688446917047,1,0,leak,augmented
,S010,1.8001092909282708,151.77410576004354,19.519114459996096,1,0,leak,augmented
,S003,2.8300937122249215,184.22861186471667,14.194500916775361,1,0,leak,augmented
,S004,0.9077563897529038,173.91455762087034,21.799661314382533,0,1,burst,augmented
,S005,1.0581718032570275,215.96746628985312,8.0,1,0,leak,augmented
2024-01-03 19:55:00,S003,2.9952339254734066,66.02010560035454,24.301043190731427,0,0,normal,real
2024-01-01 16:35:00,S001,3.339766468463244,67.37657851703865,15.650430429801984,0,0,normal,real
,S003,0.9053354598443778,264.836050336644,20.41455942892827,0,1,burst,augmented
,S002,1.193246092716034,132.0222335199054,24.117330455143865,0,1,burst,augmented
,S007,2.700672291923624,235.24028700061166,19.65937799078988,1,0,leak,augmented
2024-01-02 01:40:00,S003,2.777793351801202,76.11640030011264,11.47593474570096,0,0,normal,real
,S004,1.258067017846425,260.95939670877925,12.327812296841985,0,1,burst,augmented
,S006,2.446979582301448,104.15593829774252,22.117852908536083,1,0,leak,augmented
2024-01-02 01:10:00,S001,3.933002029755893,168.03550793829424,14.731103436220192,0,0,normal,real
,S008,1.6677486202722975,288.5780761185707,14.12550288339474,0,1,burst,augmented
,S005,2.175807398234016,112.24350940777111,16.63957528831105,1,0,leak,augmented
,S010,1.3592203958746025,175.1449838165982,19.9774246346082,0,1,burst,augmented
2024-01-02 23:05:00,S009,3.3715226400626643,113.91064664391456,18.220485349963603,0,0,normal,real
,S002,1.999032295633785,59.362606794053974,8.0,1,0,leak,augmented
,S005,1.211953620553016,320.0,11.23918779087351,0,1,burst,augmented
2024-01-01 02:10:00,S010,3.978475681165901,86.30829072672506,20.08203321108818,0,0,normal,real
,S009,1.115779790428286,100.10723668894641,11.371705315886912,0,1,burst,augmented
,S006,2.431733513900055,232.44358656098004,23.486251969519156,1,0,leak,augmented
,S010,1.5832812992104697,189.21090638518476,23.11612633283072,0,1,burst,augmented
,S004,1.6847446293196378,73.32685068238814,18.205950749025323,1,0,leak,augmented
,S001,0.5727435825365397,199.44252576977485,14.360566570486661,0,1,burst,augmented
,S004,2.5314657464364063,162.81042101188336,11.84197866503633,1,0,leak,augmented
2024-01-02 13:15:00,S009,3.5557856374514967,50.654490447546365,12.50429633120798,0,0,normal,real
,S005,2.152173349383116,92.01068685301207,16.096726547299845,1,0,leak,augmented
,S007,2.75466132434752,215.81211170436507,18.970901515739072,1,0,leak,augmented
,S002,2.777971084089426,139.05324944012798,12.585786047241333,1,0,leak,augmented
2024-01-02 00:45:00,S007,3.1242309972696423,122.20162274529856,10.28788415234585,0,0,normal,real
2024-01-01 15:15:00,S004,3.573329972851363,138.36628017063424,14.158984685451603,0,0,normal,real
2024-01-03 15:00:00,S003,3.988771930242957,86.10057721357296,23.11461001205621,0,0,normal,real
2024-01-03 03:50:00,S004,3.2647810143256866,125.1913466938594,10.753645147344733,0,0,normal,real
2024-01-02 17:45:00,S008,2.738537505610392,77.02936311922218,11.473524882836209,0,0,normal,real
,S003,0.8325819742559624,157.55918534332966,17.52594244342794,0,1,burst,augmented
,S004,2.2155198375311986,100.34101187087036,19.963856761846046,1,0,leak,augmented
,S003,1.9677603508791512,148.28934540786113,20.59373061706099,1,0,leak,augmented
,S001,1.6728697877629464,121.98566043184559,15.21823848444508,0,1,burst,augmented
,S001,1.2025559658583538,228.65899668523517,16.924521522335525,0,1,burst,augmented
,S006,1.8246622003739272,250.30772967802812,9.589184980022306,0,1,burst,augmented
,S003,1.419576736116078,81.75987189312161,16.05210923937426,1,0,leak,augmented
,S004,2.21405499783761,134.56470641974153,19.799413372250925,1,0,leak,augmented
,S003,1.501854096914972,128.25483838294758,14.250265159965895,1,0,leak,augmented
2024-01-04 07:35:00,S010,3.5237675951743004,149.33482374943895,20.72983465793704,0,0,normal,real
,S003,0.8530901257736754,63.986976168205345,14.513828559856787,0,1,burst,augmented
2024-01-03 06:40:00,S004,3.3259950691612774,110.48116341998784,22.504660157127585,0,0,normal,real
,S010,2.0400798045862043,148.10149784256768,15.429589058887027,1,0,leak,augmented
,S006,1.811524431267217,90.60160273245717,18.31211208965977,1,0,leak,augmented
,S001,1.6347598952819413,263.4370122184812,16.077089106743365,0,1,burst,augmented
,S002,1.7980749629000776,105.87332978318118,14.66029192960588,1,0,leak,augmented
,S001,1.9213063203896272,238.37941860487632,10.562234944215925,1,0,leak,augmented
,S005,2.81112101759057,172.27905659407563,25.771600154864664,1,0,leak,augmented
,S004,2.506160858598421,55.96306364715758,16.764109401416952,1,0,leak,augmented
,S005,2.5924228825066526,89.63223398670564,11.711656821450944,1,0,leak,augmented
,S008,1.8262805707287724,201.26411899108217,18.849046639608826,0,1,burst,augmented
,S001,0.9167638675563885,268.64625211368184,14.643737753089269,0,1,burst,augmented
,S001,1.8338189222994465,217.36728295314776,16.426304634286485,0,1,burst,augmented
,S010,2.262747939712456,132.08906051262394,18.74932786865386,1,0,leak,augmented
2024-01-02 15:15:00,S005,3.943465304481676,143.1362885326562,23.929904305223243,0,0,normal,real
,S005,1.0580635419004172,215.8525155196821,18.71486057796309,0,1,burst,augmented
,S002,0.849625744911213,120.74038113979113,15.507451013322234,0,1,burst,augmented
,S003,2.380940405297656,238.57794600765925,18.78211038142268,1,0,leak,augmented
,S006,1.016175940399258,45.96599307347776,21.653483977028053,0,1,burst,augmented
,S005,2.3920674253855885,175.20417860235798,16.93229610416871,1,0,leak,augmented
2024-01-04 09:00:00,S004,3.171957484573285,110.82075144956278,24.76134195949772,0,0,normal,real
2024-01-04 05:55:00,S003,2.9408751407574005,116.9489539979842,20.90527790521201,0,0,normal,real
2024-01-03 22:05:00,S001,3.146287413073406,96.8287825679582,20.876667398999743,0,0,normal,real
2024-01-04 02:20:00,S006,2.6162244606885787,92.34707513160802,18.779452425014668,0,0,normal,real
2024-01-02 12:30:00,S005,3.1241821421066387,163.94171430496948,12.817642788066612,0,0,normal,real
,S003,2.255950352905563,52.47626986279364,8.0,1,0,leak,augmented
2024-01-04 02:00:00,S005,2.7709863119669547,192.152926559642,13.281575626163196,0,0,normal,real
2024-01-02 11:40:00,S007,2.528674141644646,121.52652024767256,20.315830636458408,0,0,normal,real
,S007,1.1593317552747882,261.9065751029742,17.762342700190832,0,1,burst,augmented
2024-01-01 14:25:00,S009,3.91608900952992,55.914021705275886,20.58362758773533,0,0,normal,real
,S010,3.093666384620305,127.20611766474563,26.48260200905905,1,0,leak,augmented
,S003,1.845780334536349,212.77576244909267,15.81528918865833,0,1,burst,augmented
,S009,1.0304153556809188,275.6461933629014,18.132908596659696,0,1,burst,augmented
,S008,0.8701035665367731,205.6740506350568,16.00663490744658,0,1,burst,augmented
,S010,0.6191038533981953,123.79179833909475,16.339720739185307,0,1,burst,augmented
2024-01-04 07:20:00,S004,2.5599219599291416,104.34402350003072,22.395854674008326,0,0,normal,real
2024-01-02 03:30:00,S003,3.2473835233951807,61.55874187014968,10.878263938659687,0,0,normal,real
,S008,2.789690790702368,152.41955487647803,13.925820417557738,1,0,leak,augmented
,S004,3.5507568419288695,78.60879627772272,16.451134918164808,1,0,leak,augmented
,S005,1.7554669019669302,153.95938657290972,20.540324264165676,0,1,burst,augmented
2024-01-03 12:20:00,S009,3.06675882059078,59.30551454431723,15.089579009643511,0,0,normal,real
2024-01-01 20:20:00,S007,3.1821097834507888,127.33940428688754,17.3326987038538,0,0,normal,real
,S008,0.966069655469558,167.69691280017375,20.933348044504527,0,1,burst,augmented
,S002,1.0962635725592835,272.48618717834904,16.689862752057493,0,1,burst,augmented
,S002,1.6875679234266872,246.90997811496288,19.28017759465108,1,0,leak,augmented
2024-01-02 04:10:00,S004,2.7002199586239155,62.0902270635687,20.91908960460648,0,0,normal,real
,S005,0.849511152027719,320.0,15.453204313554345,0,1,burst,augmented
2024-01-01 12:10:00,S007,3.140183358005124,169.96730331114043,15.240804985739995,0,0,normal,real
,S010,1.7103515097494406,156.570852172897,18.237519248922094,0,1,burst,augmented
,S001,1.2008237594557545,237.9294656763399,14.653730595904099,0,1,burst,augmented
,S001,1.9056737443503167,103.96401080281532,18.59714841070625,0,1,burst,augmented
,S008,1.961735451296154,72.14944811721924,21.225998204862197,1,0,leak,augmented
,S002,0.7288907505563067,164.36270486579286,22.654403136313586,0,1,burst,augmented
,S009,1.0138982496316267,130.03854018339314,15.74073650046277,0,1,burst,augmented
,S009,1.392474937704627,106.7835174259811,12.22748597693461,0,1,burst,augmented
2024-01-01 09:15:00,S004,3.2109549121458345,103.26564549189573,19.73234260437364,0,0,normal,real
2024-01-02 02:15:00,S001,3.468716218982809,92.88601838587402,22.23920408452926,0,0,normal,real
,S009,2.0166774112279926,190.32782278146928,16.81900047968222,1,0,leak,augmented
2024-01-02 11:55:00,S004,3.7512168955010137,161.07141979302787,12.14275430951258,0,0,normal,real
,S009,2.1510573315550237,154.15020966785607,17.795867149423554,1,0,leak,augmented
2024-01-01 23:40:00,S004,2.812765771536004,189.58928219658745,11.74549596828214,0,0,normal,real
2024-01-02 06:05:00,S006,3.785310904112641,67.64659822389878,21.095954981283107,0,0,normal,real
,S003,1.2522514465144972,185.26953895600425,16.531927496388647,0,1,burst,augmented
,S008,0.9381596699346308,213.24174846552265,24.74090135259617,0,1,burst,augmented
2024-01-01 03:10:00,S003,3.454498927278843,87.56927279083763,18.84806271340816,0,0,normal,real
,S006,0.8328619132021742,129.23440912964284,14.077646284484326,0,1,burst,augmented
,S010,2.639729758073527,141.20172434025173,16.01106644530494,1,0,leak,augmented
2024-01-03 21:20:00,S006,2.608415421359765,136.36787941616174,22.80481823411668,0,0,normal,real
,S008,2.092840579812332,174.95859300950085,15.746562423238576,1,0,leak,augmented
,S008,2.7739811709316515,275.3067796525686,17.537391384475455,1,0,leak,augmented
,S003,1.880393394749352,85.05240585748285,17.73360477067373,0,1,burst,augmented
,S008,2.215523132410262,42.033354272217295,26.4295994304682,1,0,leak,augmented
,S006,2.5128679067885007,172.7120038819608,21.01226819807784,1,0,leak,augmented
,S007,1.0470846571977317,177.99802701680306,18.52277262720734,0,1,burst,augmented
2024-01-01 00:00:00,S007,3.694814480290349,77.51521847992457,21.69536500409154,0,0,normal,real
2024-01-01 17:45:00,S007,2.6877786883038257,152.8347930843457,16.45458842349194,0,0,normal,real
2024-01-02 20:55:00,S006,3.482760571786507,89.03548969778441,12.392383938120377,0,0,normal,real
,S003,1.335261988903758,50.96109271073334,24.952158676507125,0,1,burst,augmented
,S001,0.5778330560893776,80.96049438608947,15.825003327367979,0,1,burst,augmented
,S008,1.8033259841052804,98.03913295120921,19.11507958844037,1,0,leak,augmented
2024-01-02 16:10:00,S009,3.641511885243088,105.75860996035148,15.8868727934422,0,0,normal,real
,S010,1.6091003843022007,156.38907418835922,20.75927776110607,0,1,burst,augmented
2024-01-03 08:40:00,S004,2.742051037582575,135.7993817425389,22.081484939499795,0,0,normal,real
,S002,2.2399937649961474,144.37261655845631,15.186720924766263,1,0,leak,augmented
,S005,1.3562602814200737,189.10840004702536,14.32958893986919,0,1,burst,augmented
,S001,1.2539959335021658,139.3901080183524,15.300437358149996,0,1,burst,augmented
2024-01-01 14:45:00,S002,3.8274975347849214,129.53976989523505,16.615482426222425,0,0,normal,real
2024-01-02 20:10:00,S001,2.821609724489747,90.62094920554588,13.713396554198296,0,0,normal,real
,S005,2.205826507870434,55.6014024714199,19.790339083664332,1,0,leak,augmented
,S004,2.6754588772019905,237.39881867752723,14.210088848873298,1,0,leak,augmented
,S010,1.245241409992469,131.7389888781456,15.356797972955796,0,1,burst,augmented
2024-01-04 09:55:00,S003,3.360147738033492,64.75173823853197,16.739118204349747,0,0,normal,real
2024-01-02 14:30:00,S007,3.818882672269577,151.33701379253898,18.20444877057082,0,0,normal,real
2024-01-02 10:35:00,S004,1.6798064393921592,221.75817828990952,21.603083373018457,1,0,leak,real
,S005,0.9299195131799229,157.21295101695588,19.107792046768818,0,1,burst,augmented
,S003,2.358095287311025,113.50963664456864,17.34290555537307,1,0,leak,augmented
,S006,2.0899532826613445,122.87921663154225,16.955447775748386,1,0,leak,augmented
,S001,3.242854792375993,162.86947051351677,20.21664080875241,1,0,leak,augmented
,S005,1.2569116946843963,138.40201706969145,16.153400972042707,0,1,burst,augmented
,S007,0.7883224015545003,113.76513230549418,13.426538667450084,0,1,burst,augmented
,S006,1.518905705421707,129.03611174294792,13.967384509410916,0,1,burst,augmented
,S003,2.2235789694251675,174.51948776076392,21.55936307561058,1,0,leak,augmented
2024-01-01 00:10:00,S002,2.448964723482877,210.1308230369969,10.011681487615215,1,0,leak,real
,S006,1.4642155346809804,57.321043486937285,23.81577352181628,0,1,burst,augmented
,S010,1.3879601569244477,303.4826559221492,19.740797948879543,0,1,burst,augmented
,S009,1.3617830145056606,257.79224514698626,16.572768102184863,0,1,burst,augmented
,S002,1.5654589554441243,227.40367646850837,19.794472769916204,0,1,burst,augmented
2024-01-03 01:00:00,S009,3.4729584351532234,91.29323201777902,12.34309853029933,0,0,normal,real
,S007,1.5655856689106282,122.41820978758106,24.67385524569392,0,1,burst,augmented
,S009,2.4294194314922763,222.6959645726787,19.044185484979824,1,0,leak,augmented
,S009,2.7469761374386854,87.5213723302108,18.528294298921555,1,0,leak,augmented
2024-01-02 05:10:00,S002,3.496281871758126,82.41356797779613,11.463437653589496,0,0,normal,real
,S002,1.8052985372802792,116.60179145193054,24.744734323055283,1,0,leak,augmented
,S009,0.9563121799536538,175.58521743886405,19.72204272285805,0,1,burst,augmented
2024-01-02 18:10:00,S002,3.156491992222305,85.24601074939292,20.573065150650727,0,0,normal,real
,S005,2.1485925874043206,211.75142729969002,19.26218670863096,0,1,burst,augmented
2024-01-02 08:00:00,S001,2.5970303402726973,193.37367255811284,10.377129374159091,0,0,normal,real
,S010,1.6231023762239483,274.989456685167,19.04532751404779,0,1,burst,augmented
,S006,2.826866219914059,1.0,19.823256502455777,1,0,leak,augmented
2024-01-04 10:15:00,S002,3.394065393216471,66.11758289433622,10.25369199882411,0,0,normal,real
,S002,2.3209109990585195,155.31100869816223,16.00285793283588,1,0,leak,augmented
,S009,3.0766307512610696,176.76938634278412,16.435832768283007,1,0,leak,augmented
2024-01-02 11:35:00,S001,3.770453281310591,183.96353077931224,10.93686390428607,0,0,normal,real
,S008,1.2160518547744759,164.73293768223022,17.875913169399325,0,1,burst,augmented
2024-01-02 21:35:00,S004,2.844397241130953,67.632695022533,12.479267352144362,0,0,normal,real
,S007,1.2294623818311925,84.83931522184992,19.322850159815175,0,1,burst,augmented
2024-01-04 10:30:00,S009,2.5926435794353,160.15250530029437,17.826001282798686,0,0,normal,real
,S007,2.4763763982333735,55.60831383246067,14.879795260319694,1,0,leak,augmented
,S010,1.7034874575572836,215.51530027233434,16.646460166320804,1,0,leak,augmented
,S007,1.1352058284349866,101.92027550215738,18.83889563905154,0,1,burst,augmented
,S001,2.4998406203528534,146.92401301327837,14.767399777728965,1,0,leak,augmented
,S001,1.2386196005971974,264.8439633002562,14.172923723998037,0,1,burst,augmented
2024-01-01 15:40:00,S005,0.9109769963635752,331.7540809560644,23.256788274451385,0,1,burst,real
,S007,1.437877177619076,132.6481522257169,18.2113649811775,0,1,burst,augmented
2024-01-01 07:45:00,S003,2.912097695538863,81.08414735120847,23.173310012187883,0,0,normal,real
2024-01-01 04:05:00,S010,3.313966952061365,92.98118781924266,18.86249890853516,0,0,normal,real
,S009,1.6035951259735763,67.40606945009763,23.830178118010018,0,1,burst,augmented
,S010,2.628908502198591,154.22343573153762,27.0,1,0,leak,augmented
,S006,2.6534815835803975,152.29364832383993,8.0,1,0,leak,augmented
,S007,1.1238070422551352,320.0,17.83212602192123,0,1,burst,augmented
2024-01-01 14:00:00,S002,3.434998826357486,121.13559630505544,15.165755980663498,0,0,normal,real
2024-01-01 07:05:00,S010,2.8440921185574246,89.89068874463584,15.405176428079024,0,0,normal,real
2024-01-01 17:50:00,S006,3.372957102871598,90.34901066526464,21.96338650955782,0,0,normal,real
2024-01-03 05:25:00,S005,3.032697471630719,56.78737835283318,13.268630623780204,0,0,normal,real
2024-01-01 02:15:00,S006,3.05167469907888,144.84587458903692,19.50294566141342,0,0,normal,real
,S003,1.621521122527684,100.55889436305019,20.016104232676494,1,0,leak,augmented
,S009,2.4483067692559413,191.96642410899472,14.50407987876303,1,0,leak,augmented
,S006,1.429991541214182,134.50149432922262,23.323917846049902,0,1,burst,augmented
,S002,2.5419763972690728,135.82890695094363,19.30348206605051,1,0,leak,augmented
,S007,2.1985780223198317,137.4855652899253,18.973607359332455,1,0,leak,augmented
,S005,0.9492215084432316,227.81885543526607,20.08687504060439,0,1,burst,augmented
2024-01-02 17:35:00,S010,3.2228012189119246,104.2565382289371,24.238129403057684,0,0,normal,real
,S009,2.7899751002988538,14.103072985759411,11.471871816347381,1,0,leak,augmented
,S004,1.814350045559029,141.63260982807088,22.225342968030294,1,0,leak,augmented
,S008,2.924525747298335,117.62157469361465,10.772647653127162,1,0,leak,augmented
,S002,1.5501582420418631,269.2987463387615,16.55008133054645,0,1,burst,augmented
,S009,1.7861569731480464,195.71854402646917,14.026327422749148,1,0,leak,augmented
2024-01-01 09:25:00,S006,3.849471095717519,141.13328334403593,13.665297331969818,0,0,normal,real
,S008,1.8298681781166328,133.40832894448835,11.047564622849478,1,0,leak,augmented
,S010,2.2355884436794917,194.24420850709055,20.834436162167776,1,0,leak,augmented
,S001,2.795738351551225,216.68832441711484,16.19362636429131,1,0,leak,augmented
,S001,1.1843492608057438,183.15580823367955,18.796653719361277,0,1,burst,augmented
2024-01-04 04:05:00,S007,3.108467889170856,75.37428407636303,24.66184844775764,0,0,normal,real
,S009,2.72923300034502,114.30509643578159,21.631343663047815,1,0,leak,augmented
2024-01-04 07:25:00,S005,3.787495647671388,119.54331115151749,21.76406948960076,0,0,normal,real
,S007,1.309443179349151,304.9837442144803,14.988496419404676,0,1,burst,augmented
2024-01-02 23:20:00,S005,3.4811991055418106,183.3691885910015,18.682101317679106,0,0,normal,real
2024-01-03 02:30:00,S008,1.520604967412287,125.74459967526036,15.205935527490926,0,1,burst,real
,S002,2.292666710568113,118.15684404881847,18.449699038290696,1,0,leak,augmented
2024-01-01 02:40:00,S009,3.2749538369065214,89.12437622456136,24.943805496368867,0,0,normal,real
,S006,2.191064356858727,92.7162977955391,14.24502208449002,1,0,leak,augmented
,S001,1.7086818954617504,108.20271163981344,26.561527753995115,1,0,leak,augmented
,S001,2.5799909004400265,106.09575184964586,13.602866326870899,1,0,leak,augmented
,S010,2.982519720307929,84.65551334251819,17.833700927714393,1,0,leak,augmented
2024-01-02 16:00:00,S008,3.772063134402226,159.32921634049202,11.43098915969816,0,0,normal,real
,S007,1.0640109106387958,100.11391576834353,10.74104978515505,0,1,burst,augmented
2024-01-04 03:35:00,S005,1.066490030027672,165.2973915595916,14.18512435521695,0,1,burst,real
,S007,2.5779890772483443,146.12451984665915,12.002506135195116,1,0,leak,augmented
,S002,1.4475660157469776,173.92462571627487,18.54635412735496,0,1,burst,augmented
,S008,1.7266080255147513,100.5319582153125,23.828374927952964,1,0,leak,augmented
,S007,1.4717846583077863,71.01278400898357,18.64023623018227,1,0,leak,augmented
,S005,0.9937024369980273,162.78641957252339,10.878845133582363,0,1,burst,augmented
2024-01-02 11:30:00,S004,3.709884013489416,121.4725075667439,24.941844244591618,0,0,normal,real
2024-01-03 11:05:00,S006,3.4994017922185576,198.32532970837468,13.385915857586912,0,0,normal,real
,S006,1.1228658872249242,301.83914837767287,15.316637858216911,0,1,burst,augmented
,S006,1.164726575619427,150.38699488718652,18.28061062520184,0,1,burst,augmented
,S002,2.3747460752075726,191.9756046541912,21.637210998286893,1,0,leak,augmented
,S010,1.9573910164955621,181.481421715236,15.24094710794314,0,1,burst,augmented
,S005,1.1718156968776523,66.60277580915795,10.08636738164866,1,0,leak,augmented
2024-01-03 05:35:00,S009,3.913988765449946,62.41010594355062,13.809066578855443,0,0,normal,real
,S009,1.083879296995636,250.7136304451961,17.765245362961693,0,1,burst,augmented
2024-01-02 03:55:00,S004,3.0433531624784327,100.17669331128982,10.392950627980971,0,0,normal,real
,S010,2.2998447999222282,252.7079252732995,11.359080220101177,1,0,leak,augmented
2024-01-04 09:10:00,S001,2.655212595469877,148.48440535994786,23.604782776573657,0,0,normal,real
,S006,1.5566436149598806,205.19250388965267,24.554127571938825,0,1,burst,augmented
,S004,1.861133158835224,210.98771342038378,16.256587481204043,1,0,leak,augmented
,S004,1.508127871666632,270.73843144230017,17.829135680016012,0,1,burst,augmented
,S003,1.1774533211211546,60.66462069814813,14.390026665522697,0,1,burst,augmented
,S002,2.2191018791443455,91.49309472379701,16.5800562947254,1,0,leak,augmented
2024-01-01 07:30:00,S001,3.757493057066706,120.30397396924556,16.222292535064977,0,0,normal,real
2024-01-02 01:25:00,S003,2.658540219859411,198.2412906500197,16.649096311654276,0,0,normal,real
,S004,1.4062109092346486,184.3265668196949,23.07944869378413,0,1,burst,augmented
,S008,1.3550757025146212,320.0,19.09527031678561,0,1,burst,augmented
,S009,1.4488907771943018,269.65601674640016,15.168992988431508,0,1,burst,augmented
2024-01-03 10:15:00,S002,2.575625160403314,183.5576481282899,18.653218019668127,0,0,normal,real
2024-01-03 12:35:00,S006,3.1830747032209112,112.24406541195208,20.95738716223449,0,0,normal,real
2024-01-03 19:45:00,S001,3.927095292968659,70.5531365054481,18.06376938538849,0,0,normal,real
2024-01-04 01:45:00,S004,1.066342291684547,133.10133044867644,19.41201848149109,0,1,burst,real
,S006,1.0419036563944195,189.87166491450054,21.410554133006652,0,1,burst,augmented
,S005,3.136411346678795,211.06414029261313,13.830678291707118,1,0,leak,augmented
,S005,2.3749261431852595,183.12549477753865,16.71105453929056,1,0,leak,augmented
,S009,2.1840196189565098,61.63429156072431,15.469490754549788,1,0,leak,augmented
2024-01-01 03:15:00,S008,3.4467079389958943,169.22169553124726,17.539556396577883,0,0,normal,real
,S007,2.3446703488076603,169.54128742572814,19.41686105607161,1,0,leak,augmented
,S009,2.419954255925859,149.7945252039772,16.786844493335863,1,0,leak,augmented
,S006,2.1604914340707553,141.998355646834,10.54955454616282,1,0,leak,augmented
,S006,2.406448364789619,114.44723877466734,20.156878320905125,1,0,leak,augmented
2024-01-02 23:30:00,S002,3.1372762643021304,186.1757770825301,17.605894701080775,0,0,normal,real
,S005,2.2581578475320456,280.4797131907424,18.476534011404688,1,0,leak,augmented
,S001,1.924228926034296,131.4437512237375,15.049639996205865,1,0,leak,augmented
2024-01-02 03:15:00,S008,2.767558876460994,54.36070705159306,12.503276767823063,0,0,normal,real
,S004,1.9707434379598525,10.188269564920716,16.38235180007468,0,1,burst,augmented
,S004,2.7562202409110137,89.98469862013236,14.05800477980468,1,0,leak,augmented
,S005,1.5750117074490464,227.2734724328216,16.921523185085366,0,1,burst,augmented
,S007,1.1627331871145399,208.2879602077072,22.25634760466314,0,1,burst,augmented
2024-01-02 03:35:00,S006,2.814762992284614,173.76960014991727,17.80444865377981,0,0,normal,real
,S005,1.30373724243845,320.0,17.40125496630886,0,1,burst,augmented
2024-01-03 16:30:00,S008,3.100469254259491,171.77991860155697,10.207932038692904,0,0,normal,real
2024-01-02 08:55:00,S003,3.116531612898319,186.14165038348324,20.710489667002847,0,0,normal,real
,S007,2.7835306939329865,132.49131444090483,13.52742497774583,1,0,leak,augmented
,S003,2.363147586296075,88.4502248619286,17.59191682494953,1,0,leak,augmented
,S007,1.2970744042434519,185.48850544815633,13.91088527324804,0,1,burst,augmented
,S010,2.140169282354517,66.67972462525366,20.878853435756344,1,0,leak,augmented
2024-01-02 07:00:00,S005,3.112459514139177,163.8873099591264,23.55411766520193,0,0,normal,real
,S004,0.8327611505602148,119.5139162794723,18.159262626296986,0,1,burst,augmented
2024-01-02 13:05:00,S002,2.970021876377715,168.33987076640108,23.378082172161022,0,0,normal,real
,S001,2.4091105940478768,141.58973655337766,16.1766226244342,1,0,leak,augmented
,S006,1.5284183202818027,216.45324759063539,17.01387994300039,0,1,burst,augmented
2024-01-01 19:50:00,S001,3.1741507528206068,138.18265566655805,24.228750322771507,0,0,normal,real
2024-01-03 00:40:00,S009,2.8433131937252485,139.52778153316393,23.92273147170927,0,0,normal,real
,S010,1.9305212476729199,279.4354391706567,19.388944652397026,1,0,leak,augmented
,S005,2.4084942092163026,141.89012526476316,16.134572219021365,1,0,leak,augmented
2024-01-03 07:00:00,S008,3.953011908361536,89.35144501714186,14.695752175947202,0,0,normal,real
,S007,1.255335559502309,237.09286853203744,13.997930124344537,0,1,burst,augmented
,S002,0.9222994324366771,285.1983355428475,15.378359251826232,0,1,burst,augmented
2024-01-03 06:35:00,S007,3.268450520330621,166.03581525960806,10.660605690826966,0,0,normal,real
,S007,0.5863891474594813,165.91737003410853,17.247302413579554,0,1,burst,augmented
2024-01-02 09:35:00,S010,3.865201955173201,171.20339448598293,13.240770475175308,0,0,normal,real
,S003,1.4268215465972367,248.39727225866727,20.553452156733396,0,1,burst,augmented
,S008,2.406665128916861,148.01407842096313,25.144307751774218,1,0,leak,augmented
,S005,2.815989642360086,183.13044842623884,12.496048561550861,1,0,leak,augmented
,S006,2.647375596763123,157.23259941727312,15.181128949564142,1,0,leak,augmented
,S002,2.965051520025558,231.0323220221813,16.421588551699088,1,0,leak,augmented
2024-01-03 22:50:00,S004,3.1274366666402287,96.41191923056664,24.05086833780236,0,0,normal,real
,S003,0.8360268952570455,311.85444147278054,19.152639647953972,0,1,burst,augmented
,S008,1.5999093388675854,72.2404891199344,16.206857347809617,1,0,leak,augmented
2024-01-02 12:20:00,S002,2.9215067483630706,170.5224114945327,23.938420804477808,0,0,normal,real
2024-01-01 07:35:00,S006,3.537571595753368,130.15194125441946,21.24866124204958,0,0,normal,real
2024-01-01 23:45:00,S008,3.29872178883914,158.21331009930975,12.119170739132588,0,0,normal,real
,S002,1.800064976181767,127.81266131704565,15.290061623322552,0,1,burst,augmented
2024-01-01 20:50:00,S009,3.799658001291468,199.00054060379424,21.286416439233587,0,0,normal,real
2024-01-01 04:45:00,S009,3.0128195000746025,63.76985987201628,11.412354824028402,0,0,normal,real
2024-01-01 16:45:00,S005,2.653764591986019,190.5842730854677,20.318285834512203,0,0,normal,real
2024-01-04 01:10:00,S010,3.57885162856622,90.73256827662286,14.743226838449951,0,0,normal,real
,S002,1.382508340664073,164.895922477562,25.007925150502523,0,1,burst,augmented
,S008,2.062623088864019,194.06903025841117,22.790974095134803,1,0,leak,augmented
,S007,1.7827058923685968,249.76270031238715,16.49589056366011,0,1,burst,augmented
,S004,1.6875217314844724,69.81940265626913,13.67554613235021,1,0,leak,augmented
2024-01-04 10:45:00,S002,2.865562317856514,95.884221989228,17.247019683482492,0,0,normal,real
2024-01-03 21:40:00,S007,2.9235518785639845,62.14306041735322,23.14920740523837,0,0,normal,real
,S005,2.3917298398108517,210.08851108564173,23.934814328025027,1,0,leak,augmented
,S009,1.6442354463517734,132.53858503764906,17.35986743266329,0,1,burst,augmented
,S009,1.0418847876163153,165.83553512112346,18.963720557858032,0,1,burst,augmented
2024-01-03 04:55:00,S006,3.492870448955517,162.6765705431064,21.308021240648696,0,0,normal,real
2024-01-02 01:20:00,S002,3.079523364772473,117.51866486296394,13.404470415480462,0,0,normal,real
,S005,1.0332736347049367,320.0,16.849829402128698,0,1,burst,augmented
,S010,1.1358036035194248,135.05028974824612,18.391117071303725,0,1,burst,augmented
,S007,2.3369865096702904,84.15237476165055,14.758828035414464,1,0,leak,augmented
,S004,2.3473740778344285,219.3668449665472,13.281397811298287,1,0,leak,augmented
2024-01-02 13:25:00,S004,3.6727357950174033,146.6223832213874,10.722790185899443,0,0,normal,real
,S003,0.7626521928833327,295.95492402089826,20.781127145467785,0,1,burst,augmented
,S002,1.9990317336493773,106.36714970286447,13.916334406876697,1,0,leak,augmented
,S004,1.1747475358049178,183.23698682566734,18.56784690544401,0,1,burst,augmented
,S001,2.2364404595521274,221.67487898298566,18.348397882836608,1,0,leak,augmented
2024-01-03 08:20:00,S008,3.856364937111348,106.20829557610648,18.24802844164308,0,0,normal,real
,S005,2.544719273993531,149.31474443166252,14.505669930052498,1,0,leak,augmented
2024-01-02 19:55:00,S002,2.6389382245770507,162.2576524514347,23.718229957728383,0,0,normal,real
2024-01-01 14:05:00,S008,3.15224100790562,86.96030498586603,22.286534765113,0,0,normal,real
,S001,1.1920226934706162,147.19950729180547,10.446624504664362,0,1,burst,augmented
,S009,1.7742753284983483,95.05372286352335,17.764220444336885,1,0,leak,augmented
,S001,1.322298291665999,257.531613801033,22.47213230071152,0,1,burst,augmented
,S008,2.3854983442085715,75.53216778995872,12.038815283127953,1,0,leak,augmented
,S002,1.4034253629284266,119.33891722931472,17.556398793143803,0,1,burst,augmented
,S005,2.3972425943356868,81.52451567564304,24.529070918888287,1,0,leak,augmented
2024-01-04 01:05:00,S007,3.372582291210215,164.95208196569786,16.096248048610278,0,0,normal,real
,S009,1.3294324367001014,209.95963682161727,17.25960001851049,0,1,burst,augmented
2024-01-01 06:40:00,S009,3.8028986922841903,83.5393757779179,24.44833809160917,0,0,normal,real
,S007,0.8658046955053986,32.79504062026297,13.764585957324972,0,1,burst,augmented
,S006,1.6252524457465365,158.06262587735225,13.876337753903087,0,1,burst,augmented
2024-01-03 21:25:00,S005,3.08021086307782,62.08712184297704,12.20744876642418,0,0,normal,real
2024-01-01 08:45:00,S010,3.535592242944048,55.89682097616484,21.99115598363564,0,0,normal,real
,S003,1.166302499061292,241.71334494062654,24.15471015755413,0,1,burst,augmented
,S003,1.4000912920090856,162.31113311890405,15.40616437052643,0,1,burst,augmented
2024-01-03 20:50:00,S010,3.651954967092747,144.2849600970925,19.49894802414116,0,0,normal,real
2024-01-03 20:30:00,S001,3.255017695909231,169.4660842285216,21.09203849858091,0,0,normal,real
,S007,1.8465137347191674,114.4911362084517,22.80347524346159,1,0,leak,augmented
,S010,2.0089937624569196,159.7684336675697,18.084935466272114,1,0,leak,augmented
,S001,0.9713523851828538,126.28568253402419,12.45887358864425,0,1,burst,augmented
,S005,2.490239346001798,135.73740612695863,19.52640485541567,1,0,leak,augmented
,S007,2.508753561354887,115.71940883906215,16.2596699837123,1,0,leak,augmented
2024-01-01 21:00:00,S009,2.975793575148098,180.3350938310857,15.635083778225898,0,0,normal,real
2024-01-03 16:50:00,S005,2.707187939710371,178.8667636470375,17.5008738878663,0,0,normal,real
,S009,1.980839863662316,155.3868894972216,19.69209171994093,1,0,leak,augmented
,S010,1.6153646509454331,174.77864010928408,15.769503872544673,1,0,leak,augmented
2024-01-01 13:35:00,S002,3.40077529065048,149.7555011819383,12.630569179351744,0,0,normal,real
,S003,2.7923989275892818,125.7329389966466,19.629540918839606,1,0,leak,augmented
2024-01-02 21:40:00,S006,3.6841482912927854,94.51800230297758,18.12054415235903,0,0,normal,real
2024-01-01 19:55:00,S009,3.408307236467324,103.50980795600026,18.002678879495434,0,0,normal,real
2024-01-01 16:30:00,S007,2.741139844072462,172.69505361785934,22.482012669366128,0,0,normal,real
2024-01-01 08:10:00,S004,3.3211694603486674,117.63656711241566,23.65706917604909,0,0,normal,real
,S010,2.4743282598128804,178.45742430382936,19.098364556375024,1,0,leak,augmented
2024-01-02 05:45:00,S008,2.9307069371268635,168.9281628550759,18.663900488217365,0,0,normal,real
,S007,2.3509574574242476,138.16846329347058,25.084723803937244,1,0,leak,augmented
,S003,0.772993697173018,126.27035279980248,10.29299673126621,0,1,burst,augmented
,S001,1.0489947212023887,89.18133312475132,12.543947712242147,0,1,burst,augmented
,S008,1.2488720978268135,280.6957773863083,15.839761171419742,0,1,burst,augmented
2024-01-03 10:00:00,S009,3.995363827884033,77.5178601725344,18.912127941346863,0,0,normal,real
,S005,2.331239964230864,71.94616802153433,17.92398509628718,1,0,leak,augmented
,S005,3.012327594104326,164.7497082316536,20.677615680338263,1,0,leak,augmented
2024-01-01 18:00:00,S009,3.790183595783807,166.97764833400248,10.594282380225357,0,0,normal,real
2024-01-02 01:30:00,S007,3.574485082094024,60.812650399801,11.06885091647888,0,0,normal,real
,S010,2.956233624136473,131.57016068329077,21.782452549289363,1,0,leak,augmented
,S009,2.662012356181933,170.28826065301178,10.992507224492872,1,0,leak,augmented
2024-01-03 01:50:00,S003,3.3278157046317784,168.41141328703785,16.24327088268024,0,0,normal,real
,S010,1.288747347021708,285.17351040422164,24.135355129438402,0,1,burst,augmented
,S007,2.820922449560116,163.5713999604872,16.50651732982802,1,0,leak,augmented
,S005,1.274078571752346,222.07556512676638,16.889964660596657,0,1,burst,augmented
2024-01-02 02:30:00,S002,2.6619155719696965,152.79470241738102,11.378063315650673,0,0,normal,real
,S007,1.3928625873491502,119.97689023346794,14.22783375677335,0,1,burst,augmented
2024-01-01 12:55:00,S003,3.3745623414545385,113.21368258887468,23.390075666154623,0,0,normal,real
,S003,1.4136842891058043,169.0323982173536,17.322525908090743,0,1,burst,augmented
,S003,1.3169540019453438,220.42939243232672,19.808336154478674,0,1,burst,augmented
,S007,2.8420538011485306,183.69431072978188,21.341585320644082,1,0,leak,augmented
,S003,1.1912665630223576,138.47444252140298,18.63049636874771,0,1,burst,augmented
,S008,2.5387193036225546,98.61367236220258,16.264543096590508,1,0,leak,augmented
,S009,2.545313395760631,163.98191893308268,27.0,1,0,leak,augmented
,S006,1.8122134259113856,224.1600674662203,16.391693846895834,0,1,burst,augmented
2024-01-02 20:30:00,S001,3.881149912695036,137.6673364636139,18.074979148835705,0,0,normal,real
,S010,1.5255720809571494,139.65407538125382,12.570219027724413,0,1,burst,augmented
2024-01-03 11:00:00,S008,3.841606582972761,173.54096311972842,23.481818346060216,0,0,normal,real
,S004,1.5030839888210825,63.04498861946682,15.627735155229306,0,1,burst,augmented
2024-01-01 10:30:00,S010,3.088667661133953,172.48991592073656,16.587023628553276,0,0,normal,real
2024-01-01 22:20:00,S001,3.605310617416273,179.41956163148427,13.251097001361636,0,0,normal,real
,S010,1.245279721012402,265.9852152639188,17.866231276420375,0,1,burst,augmented
,S009,1.5460075165176959,266.1586587844023,20.58041193054477,0,1,burst,augmented
2024-01-04 03:05:00,S010,3.1905330597022403,156.45070152567865,24.75567374813728,0,0,normal,real
,S001,1.3204791746463893,267.2203702892569,15.100447231282804,0,1,burst,augmented
,S005,2.5897984914356815,175.70077828128387,18.52734244324294,1,0,leak,augmented
2024-01-03 03:20:00,S007,3.383399612418346,162.75142580343788,19.352167457789445,0,0,normal,real
2024-01-03 03:55:00,S004,3.892575258454461,199.4597440518583,21.94011103640925,0,0,normal,real
,S008,1.516559160774128,204.97348058322896,20.639963301434342,0,1,burst,augmented
2024-01-02 21:25:00,S009,3.788225156752232,151.5411174495256,22.568625622777056,0,0,normal,real
,S005,2.7218957674569038,125.70024842028793,15.9149845489651,1,0,leak,augmented
,S006,2.472758661752499,79.64931899750377,18.775299076398664,1,0,leak,augmented
2024-01-04 06:45:00,S009,2.9007161048059737,186.59974930758327,16.535080991834356,0,0,normal,real
,S004,1.2776521277675315,151.38710539326172,19.314536985817416,0,1,burst,augmented
,S002,2.500703988941173,55.68386972398375,20.889090741322498,1,0,leak,augmented
,S002,1.3054114126637164,165.82299793209552,20.495668837938084,0,1,burst,augmented
2024-01-03 15:30:00,S007,3.225703809790971,112.75843000675002,15.367168740033897,0,0,normal,real
,S008,2.1223898061878583,1.2526551790132032,10.55687680100139,1,0,leak,augmented
2024-01-04 02:30:00,S002,3.785253024584765,120.03171486846566,15.395797928654044,0,0,normal,real
,S001,1.4129446536684802,174.9329876115625,23.984759755972632,0,1,burst,augmented
,S010,2.525348151099486,140.62374299050006,16.33201282704416,1,0,leak,augmented
,S009,3.027822037246289,115.86339564278437,22.68683954881389,1,0,leak,augmented
,S003,2.164846398902368,303.99804562303393,19.815771543800793,1,0,leak,augmented
,S009,0.975626534204667,143.31047071693237,17.48120932326177,0,1,burst,augmented
,S008,2.369349989069272,136.56766868340878,22.690225459797727,1,0,leak,augmented
,S010,1.5366458275081063,269.9030111867015,14.729383369960885,0,1,burst,augmented
,S008,1.9561035827895208,153.2190021050628,16.361185131462726,1,0,leak,augmented
,S003,1.2540038435876522,188.01375379659063,16.38853056484645,0,1,burst,augmented
,S006,1.452524933270171,133.25016647129576,16.864293735695718,0,1,burst,augmented
2024-01-01 16:05:00,S006,3.016029765871524,79.91798957540051,23.417198964521013,1,0,leak,real
,S004,0.992112690896746,215.0832469444849,17.334505131327038,0,1,burst,augmented
,S006,1.585049880282468,98.69246155126223,19.168992087354567,1,0,leak,augmented
,S006,1.0668812780661463,202.62287926003458,11.579681875381707,0,1,burst,augmented
,S007,2.3735945487232546,167.2002173834947,18.310672312113923,1,0,leak,augmented
,S003,1.202676202339123,58.150908368621984,26.995612503694396,0,1,burst,augmented
,S002,1.3909483259429356,40.105837937334826,14.297169647549593,0,1,burst,augmented
2024-01-04 06:30:00,S008,3.3660301018295016,146.96110628421334,16.875452191394594,0,0,normal,real
,S005,1.023871380390986,225.34872473894362,19.43298633454954,0,1,burst,augmented
2024-01-03 09:55:00,S006,2.828070833359809,58.99149512919624,11.964606144912612,0,0,normal,real
2024-01-02 07:20:00,S009,2.9383273456928465,186.61552424658728,21.30942855395176,0,0,normal,real
,S001,1.629702802034712,103.4384025450886,17.83471774694317,1,0,leak,augmented
,S002,2.176489130292444,218.23964887404773,14.519492215317982,1,0,leak,augmented
,S004,0.9582206942870832,223.76878546041937,18.262396989496917,0,1,burst,augmented
2024-01-03 08:05:00,S009,3.129441074210216,57.59337084036112,10.59087750539229,0,0,normal,real
2024-01-02 10:40:00,S005,3.7504749429063775,116.0662025468636,14.534998740272409,0,0,normal,real
,S006,1.444061046938002,201.53341213211382,19.920354906173458,0,1,burst,augmented
2024-01-03 03:00:00,S006,2.6974803831898875,178.20551751397963,12.47953429206942,0,0,normal,real
,S009,2.546600707874044,179.67083430287124,15.65109339032291,1,0,leak,augmented
,S002,1.6681582949489004,116.79083929685926,17.80286896514251,0,1,burst,augmented
,S008,0.804276613855593,172.63996302804006,16.06744815104454,0,1,burst,augmented
,S008,0.8304483206179436,320.0,15.55671088886287,0,1,burst,augmented
2024-01-02 02:05:00,S002,2.6921436195493,100.74012589917476,23.92125460489075,0,0,normal,real
,S004,2.4845564755922793,180.39627356114616,18.46426812930795,1,0,leak,augmented
,S004,1.3020648129223558,69.99329472724884,13.990249439503591,0,1,burst,augmented
,S001,2.4722397101850304,102.36635071070039,13.167357296900828,1,0,leak,augmented
,S001,0.9782685451211921,211.39318751655065,15.883312131910396,0,1,burst,augmented
2024-01-01 23:55:00,S010,3.7337208454515416,69.87870091127726,22.93021723408934,0,0,normal,real
,S004,1.2943130596521215,154.06311193376686,21.977332558534158,0,1,burst,augmented
2024-01-02 17:25:00,S006,3.1086267529225915,83.07326520336596,21.437243267133297,0,0,normal,real
,S002,1.6293233739155397,184.38126298441512,13.346686595911535,0,1,burst,augmented
,S006,1.9781079731679554,151.74432597862176,14.572224464285751,1,0,leak,augmented
,S008,0.5,145.7821275501774,16.35498362995807,0,1,burst,augmented
,S002,1.7219497788753229,179.61683517646418,21.593448498718484,0,1,burst,augmented
2024-01-02 12:35:00,S010,3.3787971826802785,143.71757941841037,11.076637093397697,0,0,normal,real
,S009,1.3637007009547604,194.76430245053768,8.0,0,1,burst,augmented
,S006,0.8261159813635355,108.66546984259485,17.27719016600369,0,1,burst,augmented
2024-01-01 23:10:00,S008,3.6931749411845938,189.0766729219179,13.519631227831804,0,0,normal,real
,S009,1.3481577654912043,79.12163810454912,12.011077521912586,0,1,burst,augmented
,S004,1.0733449193388236,309.5328890431594,14.554359339743915,0,1,burst,augmented
2024-01-02 20:05:00,S002,3.57107908506719,63.70872294976646,12.989055047002012,0,0,normal,real
,S010,2.6664848861605854,230.19843519769063,24.651607969251316,1,0,leak,augmented
,S008,1.0852581530106191,289.3894179251875,18.59134731433112,0,1,burst,augmented
,S005,2.3801000836239696,114.1493456855077,18.21311534414378,1,0,leak,augmented
,S006,1.120829328085646,246.57822655347314,11.99412393837762,0,1,burst,augmented
2024-01-03 12:30:00,S009,3.122238483282028,108.0911617137262,19.89535409395712,0,0,normal,real
,S007,1.6976133829803675,36.74930889434887,23.15698938396476,0,1,burst,augmented
2024-01-03 02:05:00,S008,2.8295601855871007,53.07812220939879,22.39927518253733,0,0,normal,real
,S002,2.0285365586426405,107.53326691175116,14.932771920178649,1,0,leak,augmented
2024-01-01 10:40:00,S002,3.3153292916709827,185.97081664468203,19.36356993870988,0,0,normal,real
,S009,1.1799155832839918,118.28202357522726,20.468526189193973,0,1,burst,augmented
2024-01-03 01:55:00,S002,2.902843251180464,65.14671602266417,12.512366336411617,0,0,normal,real
2024-01-02 15:50:00,S004,3.3476279686791344,165.74403664679116,17.483434968039127,0,0,normal,real
2024-01-03 16:40:00,S005,1.7271512556681283,245.6443117070324,20.18599906743456,0,1,burst,real
2024-01-01 19:10:00,S009,3.1579231287843856,158.78864906227048,17.300034121370544,0,0,normal,real
2024-01-04 01:35:00,S009,3.3075446531515342,186.98445294189057,15.819591315968296,0,0,normal,real
2024-01-02 22:25:00,S009,3.303484899021368,175.4176554810873,22.32082544351041,0,0,normal,real
,S001,2.8889419874851887,195.310533388336,19.65088340380451,1,0,leak,augmented
,S009,2.407359595887753,155.52032603206843,20.63231952991961,1,0,leak,augmented
,S003,1.5745160907347642,154.29984089907688,19.116818485874262,0,1,burst,augmented
,S007,1.3780403007048014,197.131399103847,20.41096801265545,0,1,burst,augmented
,S010,1.4467584602090373,234.97137063949384,15.42188757860892,0,1,burst,augmented
,S001,1.6353107382405974,246.06557705497002,22.524112823755612,0,1,burst,augmented
,S001,2.531364330771021,189.1228356709119,15.531532309498807,1,0,leak,augmented
,S010,1.488035062105017,320.0,12.041055069988595,0,1,burst,augmented
,S009,0.8184079804170591,164.9331749712463,18.797186891139944,0,1,burst,augmented
,S008,3.013840525926745,246.98591788323307,17.283945622191336,1,0,leak,augmented
,S001,1.507314680838816,213.00262880491744,16.36249463372293,0,1,burst,augmented
2024-01-03 13:30:00,S005,3.159783459570752,146.59348691714203,15.714277675352124,0,0,normal,real
2024-01-01 11:30:00,S010,2.6033823090508283,61.598159823318085,11.563704490777145,0,0,normal,real
2024-01-03 19:35:00,S001,3.7862959116278856,64.60503406868317,20.59557995214994,0,0,normal,real
,S008,0.5802532433262252,210.37278710117948,25.1171151380225,0,1,burst,augmented
,S005,2.4182806040512346,206.34928015984568,17.352632689604754,1,0,leak,augmented
,S009,1.6556312872169752,117.32781176005089,19.008846273829988,0,1,burst,augmented
,S008,2.6946083476584386,128.88173696831961,15.422037302962675,1,0,leak,augmented
,S002,0.6741913185467201,77.9692902206788,25.22540857436449,0,1,burst,augmented
,S005,1.9385132845363056,289.6588738305839,26.0266878721967,1,0,leak,augmented
,S003,1.4481789762396144,69.78451468356296,13.7097911807675,0,1,burst,augmented
,S002,1.5784642567281781,188.89495518729962,14.605896343976934,0,1,burst,augmented
,S010,1.1157665810883044,214.42341925164092,19.096676083037217,0,1,burst,augmented
2024-01-01 09:55:00,S001,3.415930063662449,93.29458298603836,18.718573321339186,0,0,normal,real
2024-01-02 23:00:00,S002,3.4925264325997847,122.59840522696209,10.079702135025189,0,0,normal,real
,S002,1.8853613670988167,120.25123972242272,11.958137363415291,1,0,leak,augmented
2024-01-03 06:30:00,S002,3.9567263610524286,134.32832165967875,20.721299146659188,0,0,normal,real
2024-01-03 05:15:00,S004,3.746423756582603,67.98366402090682,21.02388771092341,0,0,normal,real
,S010,2.494419992525171,182.26794665433022,16.160109801873578,1,0,leak,augmented
,S005,2.9407061171815188,211.84366043413138,16.364914871382037,1,0,leak,augmented
2024-01-02 19:35:00,S010,3.1736271175164203,141.8387226142767,13.196275130272124,0,0,normal,real
,S010,1.6156247091015055,204.2329681899042,19.684658236486904,1,0,leak,augmented
,S003,1.0855237719909452,231.01073371992177,16.790883302959685,0,1,burst,augmented
,S004,2.0841809460839253,194.00142879674397,19.142488516830113,1,0,leak,augmented
,S006,2.337200373146198,78.33931634553898,14.644758981593089,1,0,leak,augmented
,S008,2.037620797482983,173.9500787293498,18.937051242094302,1,0,leak,augmented
,S010,2.3338949694837643,152.9970616863469,19.025279797834724,1,0,leak,augmented
,S010,2.3502654551269964,212.68065790384978,27.0,1,0,leak,augmented
,S003,1.3508317334990112,180.6276660970394,17.639332689915296,0,1,burst,augmented
,S010,2.5126514917184277,170.4553612139775,16.661659311773747,1,0,leak,augmented
,S007,1.1904584028634515,239.82688340205732,26.671574654421192,0,1,burst,augmented
,S004,1.8715634590302814,197.1200179279565,21.30810857706504,1,0,leak,augmented
,S009,1.2993151498332058,19.10264895111783,20.116074188170355,0,1,burst,augmented
,S010,1.3682541480371524,243.00912934151015,13.077725469312217,0,1,burst,augmented
,S001,1.1498145679686353,124.9930838913152,23.986626577089577,0,1,burst,augmented
,S003,2.4264389542016866,88.12751521242498,21.272166423779264,1,0,leak,augmented
2024-01-03 01:45:00,S004,3.0212606236377715,115.30904692636034,15.939423831214071,0,0,normal,real
,S001,1.1303883073831504,218.70447908982771,14.051509438107715,0,1,burst,augmented
,S003,1.5623178923761352,163.36479085922326,17.044263689805327,0,1,burst,augmented
,S008,1.5903089802933041,218.76858558742364,12.905600154046681,0,1,burst,augmented
,S002,2.6247268581592493,37.52562514424875,13.333476001541992,1,0,leak,augmented
,S008,2.5120668513438544,57.4353747980643,19.795711584758763,1,0,leak,augmented
2024-01-04 03:50:00,S007,3.691273517975776,143.78241875471574,24.06459669936853,0,0,normal,real
,S006,1.640461781934563,198.1889072533855,27.0,0,1,burst,augmented
,S001,1.4260091780371111,99.70234968641537,11.740741964488112,0,1,burst,augmented
,S002,1.0721532638177096,199.89460746829883,19.315891874774138,0,1,burst,augmented
2024-01-02 07:40:00,S009,2.5722142539675303,185.4342492787981,22.783958115867723,0,0,normal,real
,S004,2.579722246244997,166.56252928722978,10.205544022984943,1,0,leak,augmented
2024-01-02 18:00:00,S007,3.323964657220156,96.79760304896276,17.23750630353041,0,0,normal,real
,S003,2.0091091138303243,133.72434288312692,19.14618227516924,1,0,leak,augmented
,S002,1.6508098062680587,116.67539556764194,21.094577719953932,1,0,leak,augmented
,S008,1.1379472123388978,79.28825500178493,19.410202310823394,0,1,burst,augmented
,S005,1.509968285630817,148.43616808526687,18.212542033281803,1,0,leak,augmented
2024-01-01 09:10:00,S010,3.3459476380282545,176.10649788168968,11.338064930680844,0,0,normal,real
2024-01-03 04:50:00,S008,3.012137904406448,117.3168205991922,23.698490206321843,0,0,normal,real
,S006,2.2666976098344076,44.51957011127274,11.602459273846783,1,0,leak,augmented
2024-01-03 12:45:00,S001,2.7438069812030617,151.3431964397365,10.571294508989787,0,0,normal,real
,S006,1.261021248375307,249.7314823759399,21.21488530064033,0,1,burst,augmented
,S010,1.77177352858739,176.4741970993331,19.80265258629099,1,0,leak,augmented
,S010,1.6182979392573495,185.62419388617965,23.032010193875497,1,0,leak,augmented
,S002,2.269766505046266,128.88428741535998,14.751009883384967,1,0,leak,augmented
,S008,1.5836802069453415,129.66308987321497,12.274289713798384,0,1,burst,augmented
,S009,1.1811680061579557,256.714628870585,22.44899031017814,0,1,burst,augmented
,S003,1.6183190462969228,205.41929089109522,18.82969815663325,0,1,burst,augmented
,S009,2.507200807728196,96.76962721075657,19.703305252641496,1,0,leak,augmented
,S010,1.2242123825846698,131.21339553025916,22.086916949062832,0,1,burst,augmented
2024-01-04 06:20:00,S009,3.330969230830121,94.69323969752982,16.826134532805767,0,0,normal,real
2024-01-01 07:20:00,S008,3.814992228888689,132.7381808816105,12.472513917055014,0,0,normal,real
,S006,1.2303253066449602,161.39755991982454,19.59773837694607,0,1,burst,augmented
2024-01-01 21:10:00,S009,3.3947282124781326,131.853033274321,16.666291791268023,0,0,normal,real
,S004,1.8586309471070224,171.48861371971773,20.010235945250507,0,1,burst,augmented
,S009,1.4072632271552084,158.16241052712792,24.424264796321957,0,1,burst,augmented
,S006,1.4454033350313507,81.96993634196367,20.123006937379685,0,1,burst,augmented
2024-01-02 13:20:00,S001,2.917659112375652,69.4400976793163,20.141623471216167,0,0,normal,real
2024-01-02 08:50:00,S007,2.2197949571861497,146.2231966959533,20.533881490474965,1,0,leak,real
,S003,1.4820485172021132,131.23756410813917,18.03038370155277,0,1,burst,augmented
2024-01-01 22:15:00,S007,3.5013248489372057,64.33029707520022,19.3578898701486,0,0,normal,real
,S004,2.055956480457421,147.38195867953297,24.412746235839563,1,0,leak,augmented
,S004,2.6386259673596566,144.50197240073652,25.752685118534266,1,0,leak,augmented
,S008,2.1868665695138443,236.87973060220986,16.153359869631494,1,0,leak,augmented
,S002,1.1542741980108142,241.87280725778626,16.939608080196784,0,1,burst,augmented
,S005,2.859563076647109,170.64461512842266,21.529322498693755,1,0,leak,augmented
,S001,3.0333877400772473,68.7925535482415,21.473272480904136,1,0,leak,augmented
2024-01-04 04:15:00,S003,3.417012484371589,105.64605688882536,21.582280414237573,0,0,normal,real
,S001,1.1301984170533526,104.70205163420354,13.094036957419455,0,1,burst,augmented
,S007,1.6712777461465078,215.9737390575315,14.720203533670855,1,0,leak,augmented
2024-01-04 04:50:00,S009,3.833518285166439,74.0950418927826,12.595358046267464,0,0,normal,real
2024-01-01 10:20:00,S008,3.582394826126916,57.21419659461316,21.72271722627122,0,0,normal,real
2024-01-01 18:45:00,S003,2.8288209810370666,196.37978837286968,15.053436876566604,0,0,normal,real
2024-01-02 13:55:00,S009,3.7349641447310766,167.30230023994508,18.15708591799356,0,0,normal,real
,S009,3.26728157815085,146.6315777327467,19.876660522600623,1,0,leak,augmented
,S005,2.3070889905512537,104.77980530974315,19.472712075279794,1,0,leak,augmented
2024-01-02 02:25:00,S007,2.770891897262952,58.07873104970392,14.800897487814751,0,0,normal,real
,S006,1.924689890893495,147.40919921870884,16.755542814660732,1,0,leak,augmented
,S010,2.8519935710859663,177.93248501931603,16.374437397267947,1,0,leak,augmented
2024-01-01 08:35:00,S002,3.4029030933114406,83.57735988594808,22.32685955266674,0,0,normal,real
,S008,2.170196691211635,119.38791479471394,15.256926557380744,1,0,leak,augmented
,S009,2.4719214350039214,171.1800068583412,19.786936616900626,1,0,leak,augmented
,S002,1.0550459376062375,126.31438013177683,15.419130802767555,0,1,burst,augmented
2024-01-03 18:05:00,S007,2.752417882761569,175.46632887048045,18.233644474601075,0,0,normal,real
2024-01-01 22:40:00,S006,3.367580375509614,91.12409998397088,11.1912905348348,0,0,normal,real
,S004,1.2305231356119368,188.04259981926748,18.266644111680357,0,1,burst,augmented
2024-01-01 17:40:00,S005,3.8677540524398655,195.12668954206663,12.781883120149814,0,0,normal,real
,S007,2.7332585742086515,139.1982022690888,18.385502311798785,1,0,leak,augmented
,S005,1.313991795885524,30.33996061810757,15.67925441563739,1,0,leak,augmented
,S001,2.068938519894354,72.31192002457898,25.497491491388175,1,0,leak,augmented
,S007,1.1493399797102661,110.06838817554042,16.95588744866014,0,1,burst,augmented
,S009,1.335440958513608,88.50323953399686,16.107877133446994,0,1,burst,augmented
2024-01-02 04:50:00,S008,3.0073946579985225,96.30481150597927,24.205539816080844,0,0,normal,real
2024-01-04 04:00:00,S004,3.623047717658733,81.9713178970905,23.007660316770284,0,0,normal,real
,S010,1.8797835947801327,126.2566626474886,20.19569156808363,1,0,leak,augmented
,S010,3.5303662424344395,168.0548146722204,20.649203305395986,1,0,leak,augmented
,S010,1.6795591376461934,244.11184341351816,24.773656968539775,0,1,burst,augmented
,S007,2.0561551306866006,156.29957519159262,15.249812272920387,1,0,leak,augmented
,S002,0.9845876630017372,148.74426501277182,21.749160135292158,0,1,burst,augmented
2024-01-02 10:45:00,S001,3.261169549179613,151.60809822780757,13.525558222057375,0,0,normal,real
,S005,0.9135626715617167,202.12311637686759,18.083367425313195,0,1,burst,augmented
2024-01-02 06:10:00,S007,1.87007580783712,178.7783278499817,14.845167975793208,1,0,leak,real
,S006,2.3384231508851783,148.92545691218888,17.67512529610799,1,0,leak,augmented
,S005,1.738999566738328,264.25048848529593,20.395902613192554,0,1,burst,augmented
,S001,1.3884466036187881,287.48716924375,22.165792581010905,0,1,burst,augmented
2024-01-02 12:25:00,S007,3.214655479515687,83.90434967239996,19.60714063263766,0,0,normal,real
,S010,1.9365862713900102,52.417438062589866,20.787462457678235,1,0,leak,augmented
,S008,2.8103053239885725,157.93380475507286,23.071537791932176,1,0,leak,augmented
,S010,1.0338023939143868,293.1053635590389,18.891441856541523,0,1,burst,augmented
2024-01-03 18:30:00,S009,2.757394550597785,75.11896167769828,16.938903206577297,0,0,normal,real
2024-01-02 06:25:00,S009,3.2067518483992217,173.24553465657075,16.888977957598208,0,0,normal,real
,S005,1.44398868065164,102.96426006476948,19.748467416173536,0,1,burst,augmented
,S009,2.4988910971765383,48.714474404647135,20.450305900162796,1,0,leak,augmented
,S006,1.3857773738126795,113.97230911707899,9.392682929343433,0,1,burst,augmented
,S006,1.7004809471286892,172.5539068680071,20.120832097223733,1,0,leak,augmented
2024-01-02 01:55:00,S009,3.465856380311696,129.54531998737374,10.629268351474543,0,0,normal,real
2024-01-01 09:45:00,S008,3.5843441449326634,173.12922097300287,20.776859062548304,0,0,normal,real
2024-01-01 10:25:00,S003,2.746398696896489,172.1862080347073,19.977958310443,0,0,normal,real
2024-01-01 13:50:00,S007,3.4156070005119363,192.39601955866485,15.949740595780812,0,0,normal,real
,S005,2.6823146726798,162.45108566510976,19.894026347150845,1,0,leak,augmented
,S005,2.798449132271645,7.50098283725066,14.605221722410496,1,0,leak,augmented
,S005,2.461427709418228,65.86557273911448,24.424711158238452,1,0,leak,augmented
,S010,2.0066156265187014,191.28866156828207,14.71366090707183,1,0,leak,augmented
2024-01-01 22:35:00,S007,3.586775277097927,52.373163764837365,15.11635036711331,0,0,normal,real
,S010,1.5040722255957677,93.32434104023082,14.446527388181284,0,1,burst,augmented
2024-01-04 00:10:00,S008,3.625229844147269,118.52267068342027,22.68501023648157,0,0,normal,real
,S003,1.4070160754030023,148.31356453001115,18.381061013183604,0,1,burst,augmented
,S009,1.2627725357826056,176.08005952591802,14.991528162296945,1,0,leak,augmented
2024-01-03 03:25:00,S004,3.625398645908264,72.80728511367377,16.87485391881363,0,0,normal,real
,S006,1.1298742227492065,133.12726443796498,17.244827277000077,1,0,leak,augmented
2024-01-01 17:25:00,S001,2.9811141106571912,158.66340089211755,21.187555180464464,0,0,normal,real
,S004,0.5,156.60093949037878,20.284773893731657,0,1,burst,augmented
,S007,1.0501947575043475,200.11914605704465,13.07023877044696,0,1,burst,augmented
,S010,2.4825067328417063,182.57558108204233,8.77431404854187,1,0,leak,augmented
,S004,2.3132724704972194,186.87741707496042,20.163712185535033,1,0,leak,augmented
,S002,2.080825498227817,182.00311504167558,12.170211782970632,1,0,leak,augmented
,S005,2.6991648401225254,69.6046238822535,18.211280943388736,1,0,leak,augmented
